StartDate,EndDate,Status,IPAddress,Progress,Duration (in seconds),Finished,RecordedDate,ResponseId,RecipientLastName,RecipientFirstName,RecipientEmail,ExternalReference,LocationLatitude,LocationLongitude,DistributionChannel,UserLanguage,Consent,Q309,Q310,Q311,Q312,Q313,M_Both_Office,M_Both_Know,M_Both_Day,M_Both_Struc,Q48_First Click,Q48_Last Click,Q48_Page Submit,Q48_Click Count,M_Both_A1_1_1,M_Both_A2_1_1,M_Both_A2_2_1,M_Both_A1_2_1,M_Both_Freq,M_One_Office,M_One_Know,M_One_Day,M_One_Struc,Q50_First Click,Q50_Last Click,Q50_Page Submit,Q50_Click Count,M_One_A1_1_1,M_One_A2_1_1,M_One_A2_2_1,M_One_A1_2_1,M_One_Freq,M_Both_Ep_A1_1_1,M_Both_Ep_A2_1_1,M_One_Ep_A1_1_1,M_One_Ep_A2_1_1,M_One_Ep_A1_2_1,M_One_Ep_A2_2_1,M_Both_Ep_A1_2_1,M_Both_Ep_A2_2_1,K_Both_Office,K_Both_Know,K_Both_Day,K_Both_Struc,Q49_First Click,Q49_Last Click,Q49_Page Submit,Q49_Click Count,K_Both_A1_1_1,K_Both_A2_1_1,K_Both_A2_2_1,K_Both_A1_2_1,K_Both_Freq,K_One_Office,K_One_Know,K_One_Day,K_One_Struc,Q51_First Click,Q51_Last Click,Q51_Page Submit,Q51_Click Count,K_One_A1_1_1,K_One_A2_1_1,K_One_A2_2_1,K_One_A1_2_1,K_One_Freq,K_Both_Ep_A1_1_1,K_Both_Ep_A2_1_1,K_One_Ep_A1_1_1,K_One_Ep_A2_1_1,K_One_Ep_A1_2_1,K_One_Ep_A2_2_1,K_Both_Ep_A1_2_1,K_Both_Ep_A2_2_1,Age,Gender,Suggestions,Condition,QuestionOrder
Start Date,End Date,Response Type,IP Address,Progress,Duration (in seconds),Finished,Recorded Date,Response ID,Recipient Last Name,Recipient First Name,Recipient Email,External Data Reference,Location Latitude,Location Longitude,Distribution Channel,User Language,"Causal Judgements in everyday contexts

This study has been approved by the Ethics Chair for the ""UCL Psychology and Language Science"" Research Department. Project ID No: CPB/2014/006 .

 
Participant's Statement","Are you a bot?

 

Liam says to Emma: ""It's a beautiful day, isn't it?""
 

Who is Liam talking to? (case sensitive)","Are you a bot?

 

Mia says to Benjamin: ""It's a beautiful day, isn't it?""
 

Who is Mia talking to? (case sensitive)","Are you a bot?

 

William says to Ava: ""It's a beautiful day, isn't it?""
 

Who is William talking to? (case sensitive)","Are you a bot?

 

Amelia says to Noah: ""It's a beautiful day, isn't it?""
 

Who is Amelia talking to? (case sensitive)","Are you a bot?

 

Evelyn says to James: ""It's a beautiful day, isn't it?""
 

Who is Evelyn talking to? (case sensitive)",Tom and Ben work ...,"Because of their office situation, Tom and Ben ...","Because of their office situation, Tom and Ben ...",The use of how many microwaves does it take to produce a power failure on Friday?,Timing - First Click,Timing - Last Click,Timing - Page Submit,Timing - Click Count,(1)  Tom    has caused the power failure.,(2) Ben   has caused the power failure.,(1) Ben   has caused the power failure.,(2)  Tom    has caused the power failure.,Who used a microwave frequently (rather than infrequently) this week? (Multiple answers possible),Eddie and Neil work ...,"Because of their office situation, Eddie and Neil ...","Because of their office situation, Eddie and Neil ...",The use of how many microwaves does it take to produce a power failure on Friday?,Timing - First Click,Timing - Last Click,Timing - Page Submit,Timing - Click Count,(1)  Eddie     has caused the power failure.,(2) Neil    has caused the power failure.,(1) Neil    has caused the power failure.,(2)  Eddie     has caused the power failure.,Who used a microwave frequently (rather than infrequently) this week? (Multiple answers possible).,(1)  Tom    expected  Ben   to use a microwave on Friday. - 1,(2) Ben    expected  Tom     to use a microwave on Friday. - 1,(1)  Eddie   expected  Neil    to use a microwave on Friday. - 1,(2)  Neil    expected  Eddie    to use a microwave on Friday. - 1,(1)  Eddie     expected  Neil     to use a microwave on Friday. - 1,(2)  Neil    expected  Eddie    to use a microwave on Friday. - 1,(1)  Tom    expected  Ben   to use a microwave on Friday. - 1,(2) Ben    expected  Tom     to use a microwave on Friday. - 1,Dan and Bob work ...,"Because of their office situation, Dan and Bob ...","Because of their office situation, Dan and Bob ...",The use of how many kettles does it take to produce a power failure on Friday?,Timing - First Click,Timing - Last Click,Timing - Page Submit,Timing - Click Count,(1) Dan     has caused the power failure. - 1,(2) Bob   has caused the power failure. - 1,(1) Bob    has caused the power failure. - 1,(2) Dan     has caused the power failure. - 1,Who used a kettle frequently (rather than infrequently) this week? (Multiple answers possible),Henry and James work ...,"Because of their office situation, Henry and James ...","Because of their office situation, Henry and James ...",The use of how many kettles does it take to produce a power failure on Friday?,Timing - First Click,Timing - Last Click,Timing - Page Submit,Timing - Click Count,(1) Henry    has caused the power failure. - 1,(2) James   has caused the power failure. - 1,(1) James has caused the power failure. - 1,(2) Henry    has caused the power failure. - 1,Who used a kettle frequently (rather than infrequently) this week? (Multiple answers possible),(1) Dan    expected Bob   to use a kettle on Friday. - 1,(2) Bob    expected Dan    to use a kettle on Friday. - 1,(1) Henry   expected James    to use a kettle on Friday. - 1,(2) James   expected Henry    to use a kettle on Friday. - 1,(1) Henry    expected James     to use a kettle on Friday. - 1,(2) James    expected Henry     to use a kettle on Friday. - 1,(1) Dan    expected Bob    to use a kettle on Friday. - 1,(2) Bob    expected Dan    to use a kettle on Friday. - 1,"What is your age? (U.S. Census, 9 Categories)",What is your gender?,"Thank you for your participation.
If you experienced any issues with the survey/the videos
AND/OR
you have any suggestions for improvements or thoughts you would like to share, please comment below.
Then click on the arrow to receive your payment code.",Condition,QuestionOrder
"{""ImportId"":""startDate"",""timeZone"":""Europe/London""}","{""ImportId"":""endDate"",""timeZone"":""Europe/London""}","{""ImportId"":""status""}","{""ImportId"":""ipAddress""}","{""ImportId"":""progress""}","{""ImportId"":""duration""}","{""ImportId"":""finished""}","{""ImportId"":""recordedDate"",""timeZone"":""Europe/London""}","{""ImportId"":""_recordId""}","{""ImportId"":""recipientLastName""}","{""ImportId"":""recipientFirstName""}","{""ImportId"":""recipientEmail""}","{""ImportId"":""externalDataReference""}","{""ImportId"":""locationLatitude""}","{""ImportId"":""locationLongitude""}","{""ImportId"":""distributionChannel""}","{""ImportId"":""userLanguage""}","{""ImportId"":""QID84""}","{""ImportId"":""QID309_TEXT""}","{""ImportId"":""QID310_TEXT""}","{""ImportId"":""QID311_TEXT""}","{""ImportId"":""QID312_TEXT""}","{""ImportId"":""QID313_TEXT""}","{""ImportId"":""QID264""}","{""ImportId"":""QID265""}","{""ImportId"":""QID266""}","{""ImportId"":""QID267""}","{""ImportId"":""QID170_FIRST_CLICK""}","{""ImportId"":""QID170_LAST_CLICK""}","{""ImportId"":""QID170_PAGE_SUBMIT""}","{""ImportId"":""QID170_CLICK_COUNT""}","{""ImportId"":""QID270_1""}","{""ImportId"":""QID271_1""}","{""ImportId"":""QID274_1""}","{""ImportId"":""QID273_1""}","{""ImportId"":""QID91""}","{""ImportId"":""QID275""}","{""ImportId"":""QID276""}","{""ImportId"":""QID277""}","{""ImportId"":""QID278""}","{""ImportId"":""QID172_FIRST_CLICK""}","{""ImportId"":""QID172_LAST_CLICK""}","{""ImportId"":""QID172_PAGE_SUBMIT""}","{""ImportId"":""QID172_CLICK_COUNT""}","{""ImportId"":""QID281_1""}","{""ImportId"":""QID282_1""}","{""ImportId"":""QID285_1""}","{""ImportId"":""QID284_1""}","{""ImportId"":""QID205""}","{""ImportId"":""QID236_1""}","{""ImportId"":""QID237_1""}","{""ImportId"":""QID241_1""}","{""ImportId"":""QID240_1""}","{""ImportId"":""QID290_1""}","{""ImportId"":""QID291_1""}","{""ImportId"":""QID287_1""}","{""ImportId"":""QID288_1""}","{""ImportId"":""QID292""}","{""ImportId"":""QID293""}","{""ImportId"":""QID294""}","{""ImportId"":""QID295""}","{""ImportId"":""QID171_FIRST_CLICK""}","{""ImportId"":""QID171_LAST_CLICK""}","{""ImportId"":""QID171_PAGE_SUBMIT""}","{""ImportId"":""QID171_CLICK_COUNT""}","{""ImportId"":""QID222_1""}","{""ImportId"":""QID223_1""}","{""ImportId"":""QID299_1""}","{""ImportId"":""QID298_1""}","{""ImportId"":""QID233""}","{""ImportId"":""QID314""}","{""ImportId"":""QID315""}","{""ImportId"":""QID316""}","{""ImportId"":""QID317""}","{""ImportId"":""QID173_FIRST_CLICK""}","{""ImportId"":""QID173_LAST_CLICK""}","{""ImportId"":""QID173_PAGE_SUBMIT""}","{""ImportId"":""QID173_CLICK_COUNT""}","{""ImportId"":""QID208_1""}","{""ImportId"":""QID209_1""}","{""ImportId"":""QID302_1""}","{""ImportId"":""QID301_1""}","{""ImportId"":""QID127""}","{""ImportId"":""QID249_1""}","{""ImportId"":""QID250_1""}","{""ImportId"":""QID252_1""}","{""ImportId"":""QID253_1""}","{""ImportId"":""QID307_1""}","{""ImportId"":""QID308_1""}","{""ImportId"":""QID304_1""}","{""ImportId"":""QID305_1""}","{""ImportId"":""QID32_TEXT""}","{""ImportId"":""QID33""}","{""ImportId"":""QID36_TEXT""}","{""ImportId"":""Condition""}","{""ImportId"":""QuestionOrder""}"
2020-01-24 18:18:33,2020-01-24 18:19:59,0,171.61.240.222,100,86,1,2020-01-24 18:20:00,R_UuUqQtdlJJmuVJ7,,,,,9.9405975341796875,76.26251220703125,anonymous,EN,"4,5,6,7,8,9","friend ",,,,,,,,,,,,,,,,,,,,,,,,,,,,,,,,,,,,,,,,,,,,,,,,,,,,,,,,,,,,,,,,,,,,,,,,,,,,,
2020-01-24 18:22:52,2020-01-24 18:23:53,0,122.171.60.24,100,61,1,2020-01-24 18:23:55,R_29lYFaDPyeRkkHx,,,,,12.97210693359375,77.593292236328125,anonymous,EN,"4,5,6,7,8,9",,benjamin,,,,,,,,,,,,,,,,,,,,,,,,,,,,,,,,,,,,,,,,,,,,,,,,,,,,,,,,,,,,,,,,,,,,,,,,,,,,
2020-01-24 18:19:31,2020-01-24 18:25:05,0,71.207.10.137,100,334,1,2020-01-24 18:25:06,R_es2GQ7FwrsRJLXP,,,,,40.7957000732421875,-77.8618011474609375,anonymous,EN,"4,5,6,7,8,9",,Benjamin,,,,1,1,1,2,0,0,46.543,0,7,7,,,"1,2",1,1,1,2,0,0,44.791,0,1,7,,,1,,,,,7,7,7,7,,,,,,,,,,,,,,,,,,,,,,,,,,,,,,,,,,,60,1,,2,1
2020-01-24 18:19:07,2020-01-24 18:25:45,0,108.88.254.134,100,397,1,2020-01-24 18:25:46,R_qC1AvdtpM6RD61P,,,,,32.8618927001953125,-90.40149688720703125,anonymous,EN,"4,5,6,7,8,9",Emma,,,,,1,1,1,2,0,0,48.952,0,7,7,,,"1,2",1,1,1,2,0,0,81.046,0,7,6,,,"1,2",4,4,2,6,,,,,,,,,,,,,,,,,,,,,,,,,,,,,,,,,,,,,,,54,1,VERY interesting survey!,1,1
2020-01-24 18:25:26,2020-01-24 18:25:48,0,107.4.76.53,100,22,1,2020-01-24 18:25:49,R_1DNkG2qmZmkD5wt,,,,,43.1819000244140625,-83.7238006591796875,anonymous,EN,"4,5,6,7,8,9",,,ava,,,,,,,,,,,,,,,,,,,,,,,,,,,,,,,,,,,,,,,,,,,,,,,,,,,,,,,,,,,,,,,,,,,,,,,,,,,
2020-01-24 18:18:34,2020-01-24 18:26:22,0,64.188.1.141,100,468,1,2020-01-24 18:26:22,R_85Pk0Xdd0VF8kdX,,,,,33.95599365234375,-118.388702392578125,anonymous,EN,"4,5,6,7,8,9",,,,,James,,,,,,,,,,,,,,,,,,,,,,,,,,,,,,,,,,,1,1,1,2,0,0,55.314,0,,,6,6,"1,2",1,1,1,2,0,0,43.552,0,,,5,3,1,7,7,1,7,,,,,38,1,,3,2
2020-01-24 18:19:05,2020-01-24 18:26:54,0,73.45.253.7,100,468,1,2020-01-24 18:26:54,R_2zkAF8xpIll4wmp,,,,,41.7516937255859375,-88.24140167236328125,anonymous,EN,"4,5,6,7,8,9",,,Ava,,,1,1,1,2,0,0,43.534,0,,,4,4,"1,2",1,1,1,2,51.44,51.44,52.104,1,,,4,4,1,2,2,2,4,,,,,,,,,,,,,,,,,,,,,,,,,,,,,,,,,,,,,,,36,2,,1,2
2020-01-24 18:25:39,2020-01-24 18:29:56,0,104.167.180.235,100,256,1,2020-01-24 18:29:56,R_31Nw1g7H6RIsqUV,,,,,33.7837982177734375,-84.44550323486328125,anonymous,EN,"4,5,6,7,8,9",,,,Noah,,,,,,,,,,,,,,,,,,,,,,,,,,,,,,,,,,,,1,1,1,2,72.536,72.536,72.921,1,4,4,,,"1,2",1,1,1,2,0,0,42.914,0,4,4,,,1,4,4,4,4,,,,,33,1,,3,1
2020-01-24 18:23:02,2020-01-24 18:29:55,0,108.4.213.166,100,413,1,2020-01-24 18:29:58,R_3IY0tl5qIpuezFX,,,,,40.158599853515625,-75.2819976806640625,anonymous,EN,"4,5,6,7,8,9",,,,Noah,,,,,,,,,,,,,,,,,,,,,,,,,,,,,,,,,,,,1,1,1,2,7.153,114.919,154.478,4,,,7,7,"1,2",1,1,1,2,27.446,28.319,43.127,2,,,7,3,1,7,7,1,7,,,,,38,1,,3,2
2020-01-24 18:26:02,2020-01-24 18:30:12,0,209.6.37.86,100,250,1,2020-01-24 18:30:13,R_UJU1ysWhawQEatP,,,,,42.39959716796875,-71.124603271484375,anonymous,EN,"4,5,6,7,8,9",,,Ava,,,1,1,1,2,0,0,45.092,0,,,7,7,"1,2",1,1,1,2,0,0,43.05,0,,,6,5,1,,,,,2,6,7,7,,,,,,,,,,,,,,,,,,,,,,,,,,,,,,,,,,,26,1,,2,2
2020-01-24 18:19:17,2020-01-24 18:30:49,0,106.51.105.102,100,691,1,2020-01-24 18:30:49,R_3CMYwl8lAUG1Blq,,,,,12.97210693359375,77.593292236328125,anonymous,EN,"4,5,6,7,8,9",Emma,,,,,1,1,1,2,0,0,46.179,0,7,7,,,"1,2",1,1,1,2,0,0,229.126,0,2,5,,,1,,,,,3,4,6,6,,,,,,,,,,,,,,,,,,,,,,,,,,,,,,,,,,,34,2,,2,1
2020-01-24 18:30:48,2020-01-24 18:31:14,0,72.220.95.19,100,25,1,2020-01-24 18:31:14,R_2YLlRo7gvzXWyqz,,,,,33.0312957763671875,-116.8578948974609375,anonymous,EN,"4,5,6,7,8,9",,,ava,,,,,,,,,,,,,,,,,,,,,,,,,,,,,,,,,,,,,,,,,,,,,,,,,,,,,,,,,,,,,,,,,,,,,,,,,,,
2020-01-24 18:31:00,2020-01-24 18:31:33,0,73.17.91.60,100,33,1,2020-01-24 18:31:34,R_3nN2GKzNxuqb4yT,,,,,41.548095703125,-73.00119781494140625,anonymous,EN,"4,5,6,7,8,9",,BENJAMIN,,,,,,,,,,,,,,,,,,,,,,,,,,,,,,,,,,,,,,,,,,,,,,,,,,,,,,,,,,,,,,,,,,,,,,,,,,,,
2020-01-24 18:26:42,2020-01-24 18:32:01,0,74.81.88.18,100,318,1,2020-01-24 18:32:01,R_3LjWXY4gsK7Ck97,,,,,37.751007080078125,-97.82199859619140625,anonymous,EN,"4,5,6,7,8,9",,Benjamin,,,,1,1,1,2,0,0,104.435,0,,,7,7,"1,2",1,1,1,2,0,0,46.586,0,,,7,1,1,,,,,7,7,7,7,,,,,,,,,,,,,,,,,,,,,,,,,,,,,,,,,,,32,2,,2,2
2020-01-24 18:24:20,2020-01-24 18:32:01,0,187.15.250.102,100,460,1,2020-01-24 18:32:02,R_1rHTtoi70mdl5u7,,,,,-22.92010498046875,-43.3307037353515625,anonymous,EN,"4,5,6,7,8,9",,Benjamin,,,,,,,,,,,,,,,,,,,,,,,,,,,,,,,,,,,,,,1,1,1,2,0,0,55.3,0,5,5,,,"1,2",1,1,1,2,0,0,46.526,0,2,6,,,1,,,,,1,6,6,6,25,1,Everything worked perfectly during this study. Congrats!,4,1
2020-01-24 18:25:06,2020-01-24 18:32:11,0,41.227.163.161,100,425,1,2020-01-24 18:32:11,R_PzAdYfVbRgNNHih,,,,,35.033599853515625,9.491302490234375,anonymous,EN,"4,5,6,7,8,9",,,,,James,1,1,1,2,0,0,47.258,0,1,1,,,"1,2",1,1,1,2,0,0,48.305,0,1,7,,,1,7,7,1,7,,,,,,,,,,,,,,,,,,,,,,,,,,,,,,,,,,,,,,,23,2,,1,1
2020-01-24 18:27:49,2020-01-24 18:32:45,0,73.169.176.227,100,296,1,2020-01-24 18:32:45,R_2v0neQE2zh9s8ZG,,,,,47.62890625,-117.551300048828125,anonymous,EN,"4,5,6,7,8,9",,,,Noah,,1,1,1,2,39.162,39.162,41.853,1,,,7,7,"1,2",2,1,1,2,0,0,42.348,0,,,7,1,1,,,,,7,1,7,7,,,,,,,,,,,,,,,,,,,,,,,,,,,,,,,,,,,53,1,,2,2
2020-01-24 18:30:25,2020-01-24 18:33:44,0,131.93.146.161,100,199,1,2020-01-24 18:33:45,R_sZLhh15g0F5ErkJ,,,,,46.4604034423828125,-90.16159820556640625,anonymous,EN,"4,5,6,7,8,9",Emma,,,,,1,1,1,2,19.612,42.397,43.069,4,4,4,,,2,1,1,1,2,0,0,43.194,0,4,6,,,1,,,,,4,4,4,4,,,,,,,,,,,,,,,,,,,,,,,,,,,,,,,,,,,25,1,,2,1
2020-01-24 18:28:22,2020-01-24 18:34:09,0,75.70.44.41,100,346,1,2020-01-24 18:34:10,R_1je1OFESwzGrLzt,,,,,39.8675994873046875,-104.97280120849609375,anonymous,EN,"4,5,6,7,8,9",,,,Noah,,1,1,1,2,0,0,87.083,0,6,6,,,"1,2",1,1,1,2,0,0,44.94,0,6,6,,,1,6,6,3,6,,,,,,,,,,,,,,,,,,,,,,,,,,,,,,,,,,,,,,,58,1,none,1,1
2020-01-24 18:32:59,2020-01-24 18:34:10,0,70.121.186.12,100,70,1,2020-01-24 18:34:10,R_28ZIqoNN1cZagmt,,,,,29.5825958251953125,-98.4091033935546875,anonymous,EN,"4,5,6,7,8,9",emma,,,,,,,,,,,,,,,,,,,,,,,,,,,,,,,,,,,,,,,,,,,,,,,,,,,,,,,,,,,,,,,,,,,,,,,,,,,,,
2020-01-24 18:27:07,2020-01-24 18:34:23,0,200.7.118.192,100,436,1,2020-01-24 18:34:23,R_RXnjPf2gapdjXk5,,,,,-24.2866973876953125,-47.0207977294921875,anonymous,EN,"4,5,6,7,8,9",,,,Noah,,,,,,,,,,,,,,,,,,,,,,,,,,,,,,,,,,,,1,1,1,2,0,0,55.154,0,4,4,,,"1,2",1,1,1,2,0,0,45.302,0,7,1,,,1,4,4,2,2,,,,,18,1,,3,1
2020-01-24 18:29:06,2020-01-24 18:35:16,0,157.50.9.158,100,370,1,2020-01-24 18:35:17,R_3qkTqs79H4c428N,,,,,13.08599853515625,80.27508544921875,anonymous,EN,"4,5,6,7,8,9",,,,Noah,,1,2,2,1,0,0,50.246,0,,,5,4,1,1,1,1,2,0,0,49.785,0,,,6,4,1,6,3,3,5,,,,,,,,,,,,,,,,,,,,,,,,,,,,,,,,,,,,,,,28,1,no,1,2
2020-01-24 18:19:12,2020-01-24 18:35:58,0,27.5.207.6,100,1005,1,2020-01-24 18:35:58,R_323hEGXgDFWAGgr,,,,,13.08599853515625,80.27508544921875,anonymous,EN,"4,5,6,7,8,9",,,,Noah,,,,,,,,,,,,,,,,,,,,,,,,,,,,,,,,,,,,1,1,1,2,8.08,24.136,76.503,3,2,2,,,"1,2",1,1,1,2,157.13,157.13,223.22,1,1,6,,,1,,,,,2,6,4,4,34,1,"First of all, thanks for giving opportunity to complete your Survey. Clear instructions & Easily understand your questions and requirements. ",4,1
2020-01-24 18:23:19,2020-01-24 18:36:15,0,189.6.234.112,100,775,1,2020-01-24 18:36:15,R_0CWvoosPvTrDpcZ,,,,,-30.1156005859375,-51.1652984619140625,anonymous,EN,"4,5,6,7,8,9",Emma,,,,,,,,,,,,,,,,,,,,,,,,,,,,,,,,,,,,,,,1,1,1,2,0,0,124.759,0,4,4,,,"1,2",1,1,1,2,0,0,44.721,0,4,4,,,1,7,7,1,7,,,,,36,1,The first video loaded too slowly. However it was a very nice survey. I enjoy it. Thanks.,3,1
2020-01-24 18:31:55,2020-01-24 18:36:35,0,98.168.147.181,100,280,1,2020-01-24 18:36:36,R_3qk8GLoagPexVD6,,,,,35.62109375,-97.47570037841796875,anonymous,EN,"4,5,6,7,8,9",Emma,,,,,1,1,1,2,0,0,51.793,0,4,4,,,"1,2",1,1,1,2,0,0,54.653,0,1,7,,,1,7,7,1,7,,,,,,,,,,,,,,,,,,,,,,,,,,,,,,,,,,,,,,,33,1,,1,1
2020-01-24 18:28:30,2020-01-24 18:37:11,0,174.236.129.40,100,521,1,2020-01-24 18:37:12,R_23eQ9HMcf5sfl6w,,,,,35.055999755859375,-89.85980224609375,anonymous,EN,"4,5,6,7,8,9",,,,,james,,,,,,,,,,,,,,,,,,,,,,,,,,,,,,,,,,,1,1,1,2,0,0,54.503,0,7,7,,,"1,2",1,1,1,2,35.284,35.284,94.528,1,1,6,,,1,,,,,2,4,1,1,35,2,,4,1
2020-01-24 18:32:49,2020-01-24 18:38:14,0,98.250.108.50,100,325,1,2020-01-24 18:38:14,R_3s5JeSd1adtXeeG,,,,,42.8704071044921875,-85.6681976318359375,anonymous,EN,"4,5,6,7,8,9",,,,,James,,,,,,,,,,,,,,,,,,,,,,,,,,,,,,,,,,,1,1,1,2,0,0,54.017,0,6,6,,,"1,2",1,1,1,2,0,0,44.881,0,5,5,,,1,,,,,2,6,7,7,48,1,,4,1
2020-01-24 18:31:24,2020-01-24 18:38:22,0,98.159.196.54,100,417,1,2020-01-24 18:38:22,R_1GDiWCyphuzE7Lb,,,,,34.6179962158203125,-86.0561981201171875,anonymous,EN,"4,5,6,7,8,9",,Benjamin,,,,,,,,,,,,,,,,,,,,,,,,,,,,,,,,,,,,,,2,1,2,2,0,0,163.511,0,,,4,4,1,1,1,2,1,0,0,115.404,0,,,4,4,1,,,,,4,5,4,6,25,1,ty,4,2
2020-01-24 18:30:28,2020-01-24 18:38:50,0,68.60.158.123,100,502,1,2020-01-24 18:38:50,R_eybkFUFhcrAO3Lz,,,,,42.72869873046875,-83.02790069580078125,anonymous,EN,"4,5,6,7,8,9",,Benjamin,,,,,,,,,,,,,,,,,,,,,,,,,,,,,,,,,,,,,,1,1,1,2,0,0,53.336,0,,,7,7,"1,2",1,1,1,2,42.266,42.266,42.958,1,,,6,3,1,7,7,1,7,,,,,35,2,,3,2
2020-01-24 18:23:58,2020-01-24 18:39:30,0,122.171.60.24,100,932,1,2020-01-24 18:39:30,R_tLL86Bc2veGZh5L,,,,,12.97210693359375,77.593292236328125,anonymous,EN,"4,5,6,7,8,9",,,,Noah,,1,1,1,1,0,0,326.454,0,,,4,4,"1,2",1,1,1,2,125.718,191.669,195.054,5,,,1,7,1,4,4,2,7,,,,,,,,,,,,,,,,,,,,,,,,,,,,,,,,,,,,,,,31,2,,1,2
2020-01-24 18:36:20,2020-01-24 18:39:34,0,171.61.244.191,100,193,1,2020-01-24 18:39:34,R_3F2KgX0tMf1MnaC,,,,,13.08599853515625,80.27508544921875,anonymous,EN,"4,5,6,7,8,9",,,,micro fqcus,,,,,,,,,,,,,,,,,,,,,,,,,,,,,,,,,,,,,,,,,,,,,,,,,,,,,,,,,,,,,,,,,,,,,,,,,,
2020-01-24 18:36:23,2020-01-24 18:39:59,0,97.120.115.73,100,215,1,2020-01-24 18:39:59,R_p0ozNIoARgPJzMJ,,,,,45.57769775390625,-122.67950439453125,anonymous,EN,"4,5,6,7,8,9",,,Ava,,,1,1,1,2,0,0,44.483,0,,,7,7,"1,2",1,1,1,2,0,0,46.95,0,,,6,2,1,7,7,1,7,,,,,,,,,,,,,,,,,,,,,,,,,,,,,,,,,,,,,,,28,2,,1,2
2020-01-24 18:35:00,2020-01-24 18:40:15,0,122.164.26.22,100,315,1,2020-01-24 18:40:15,R_1TFp8aZW02ZHYdj,,,,,13.08599853515625,80.27508544921875,anonymous,EN,"4,5,6,7,8,9",,,,,James,,,,,,,,,,,,,,,,,,,,,,,,,,,,,,,,,,,1,1,1,2,20.911,20.911,46.362,1,,,6,6,2,1,1,1,2,29.512,32.231,43.504,9,,,7,6,1,5,6,7,6,,,,,28,1,good,3,2
2020-01-24 18:34:21,2020-01-24 18:40:27,0,70.121.186.12,100,366,1,2020-01-24 18:40:28,R_silBQwVDJwp1cEV,,,,,29.5825958251953125,-98.4091033935546875,anonymous,EN,"4,5,6,7,8,9",Emma,,,,,1,1,1,2,77.886,77.886,91.643,1,,,5,5,"1,2",2,2,2,2,0,0,71.595,0,,,5,5,1,,,,,1,1,7,7,,,,,,,,,,,,,,,,,,,,,,,,,,,,,,,,,,,26,1,none,2,2
2020-01-24 18:31:10,2020-01-24 18:41:00,0,61.2.33.147,100,589,1,2020-01-24 18:41:01,R_1rkrcjIjaHBrszA,,,,,8.1790008544921875,77.43231201171875,anonymous,EN,"4,5,6,7,8,9",,,,,James,1,1,1,2,0,0,83.491,0,,,7,7,2,1,1,1,2,0,0,54.069,0,,,7,5,1,6,6,6,5,,,,,,,,,,,,,,,,,,,,,,,,,,,,,,,,,,,,,,,25,1,Nice,1,2
2020-01-24 18:40:46,2020-01-24 18:41:22,0,181.177.84.15,100,35,1,2020-01-24 18:41:22,R_saEqHVO9amBy03D,,,,,40.7064056396484375,-73.94730377197265625,anonymous,EN,"4,5,6,7,8,9",,,,ok,,,,,,,,,,,,,,,,,,,,,,,,,,,,,,,,,,,,,,,,,,,,,,,,,,,,,,,,,,,,,,,,,,,,,,,,,,
2020-01-24 18:35:19,2020-01-24 18:42:26,0,174.49.163.171,100,427,1,2020-01-24 18:42:27,R_1GDp8c4qYBydDVE,,,,,40.17779541015625,-77.2328033447265625,anonymous,EN,"4,5,6,7,8,9",,,Ava,,,,,,,,,,,,,,,,,,,,,,,,,,,,,,,,,,,,,1,1,1,2,0,0,91.166,0,4,4,,,"1,2",1,1,1,2,0,0,104.198,0,1,7,,,1,,,,,1,7,4,4,38,2,the 2nd video didnt play,4,1
2020-01-24 18:38:47,2020-01-24 18:43:21,0,50.247.159.202,100,274,1,2020-01-24 18:43:21,R_1exzpIxe4sfHYdO,,,,,40.772003173828125,-89.65720367431640625,anonymous,EN,"4,5,6,7,8,9",,,,,James,1,1,1,2,0,0,44.62,0,4,4,,,"1,2",1,1,1,2,0,0,43.094,0,3,5,,,1,7,7,2,7,,,,,,,,,,,,,,,,,,,,,,,,,,,,,,,,,,,,,,,43,2,,1,1
2020-01-24 18:28:17,2020-01-24 18:43:56,0,27.57.29.110,100,938,1,2020-01-24 18:43:56,R_10r6Ng0rYh7JNtK,,,,,13.08599853515625,80.27508544921875,anonymous,EN,"4,5,6,7,8,9",,,,Noah,,1,1,1,2,0,0,49.468,0,,,7,7,"1,2",1,1,1,2,0,0,46.177,0,,,7,1,1,7,7,7,7,,,,,,,,,,,,,,,,,,,,,,,,,,,,,,,,,,,,,,,27,2,,1,2
2020-01-24 18:19:57,2020-01-24 18:45:14,0,59.92.32.57,100,1516,1,2020-01-24 18:45:14,R_VOIyNTEAR1233Oh,,,,,8.1790008544921875,77.43231201171875,anonymous,EN,"4,5,6,7,8,9",,,Ava,,,1,1,1,2,0,0,60.665,0,4,4,,,"1,2",1,1,1,2,0,0,54.389,0,1,7,,,1,,,,,5,3,6,7,,,,,,,,,,,,,,,,,,,,,,,,,,,,,,,,,,,24,1,Nice,2,1
2020-01-24 18:42:03,2020-01-24 18:46:30,0,162.198.64.96,100,267,1,2020-01-24 18:46:30,R_xrxdYEjKAlCO0G5,,,,,32.638702392578125,-117.08010101318359375,anonymous,EN,"4,5,6,7,8,9",,Benjamin,,,,,,,,,,,,,,,,,,,,,,,,,,,,,,,,,,,,,,1,1,1,2,0,0,53.841,0,,,7,7,"1,2",1,1,1,2,0,0,44.997,0,,,6,5,1,,,,,2,6,7,7,24,1,,4,2
2020-01-24 18:35:50,2020-01-24 18:47:16,0,24.192.12.230,100,685,1,2020-01-24 18:47:16,R_3is3z0i5FM2kp9i,,,,,42.28759765625,-83.3733978271484375,anonymous,EN,"4,5,6,7,8,9",Emma,,,,,,,,,,,,,,,,,,,,,,,,,,,,,,,,,,,,,,,1,1,1,2,0,0,100.061,0,,,7,7,"1,2",1,1,1,2,111.889,111.889,144.263,1,,,7,1,1,,,,,1,7,7,7,40,1,,4,2
2020-01-24 18:19:31,2020-01-24 18:48:40,0,157.51.250.18,100,1748,1,2020-01-24 18:48:40,R_eDurnZQFJfPpWhj,,,,,13.08599853515625,80.27508544921875,anonymous,EN,"4,5,6,7,8,9",,,ava,,,,,,,,,,,,,,,,,,,,,,,,,,,,,,,,,,,,,,,,,,,,,,,,,,,,,,,,,,,,,,,,,,,,,,,,,,,
2020-01-24 18:31:47,2020-01-24 18:50:28,0,155.186.81.253,100,1121,1,2020-01-24 18:50:28,R_XqaLEzHEuV4TuNz,,,,,34.189697265625,-118.2382965087890625,anonymous,EN,"4,5,6,7,8,9",,Benjamin,,,,,,,,,,,,,,,,,,,,,,,,,,,,,,,,,,,,,,1,1,1,2,3.363,3.363,54.076,1,6,6,,,"1,2",1,1,1,2,1.265,1.265,42.978,1,3,6,,,1,7,7,1,7,,,,,27,1,,3,1
2020-01-24 18:45:06,2020-01-24 18:50:40,0,68.96.169.162,100,334,1,2020-01-24 18:50:41,R_1FL0kzLfzQh76sq,,,,,36.2472991943359375,-115.28209686279296875,anonymous,EN,"4,5,6,7,8,9",,,Ava,,,,,,,,,,,,,,,,,,,,,,,,,,,,,,,,,,,,,1,1,1,2,0,0,50.52,0,,,6,6,"1,2",1,1,1,2,0,0,64.504,0,,,6,5,1,,,,,2,4,5,5,32,1,none,4,2
2020-01-24 18:42:20,2020-01-24 18:50:51,0,117.201.11.4,100,510,1,2020-01-24 18:50:51,R_2z8TX7wgQBu8d8z,,,,,10.5160064697265625,76.2156982421875,anonymous,EN,"4,5,6,7,8,9",,,Ava,,,1,1,1,2,3.452,7.227,128.322,2,,,7,7,"1,2",1,1,1,2,0,0,137.305,0,,,6,7,1,6,7,6,7,,,,,,,,,,,,,,,,,,,,,,,,,,,,,,,,,,,,,,,24,1,NICE,1,2
2020-01-24 18:35:36,2020-01-24 18:51:00,0,171.49.175.41,100,924,1,2020-01-24 18:51:01,R_yqHQtrM363zTq7L,,,,,13.08599853515625,80.27508544921875,anonymous,EN,"4,5,6,7,8,9",,,,,James,1,1,1,2,0,0,110.443,0,3,4,,,"1,2",1,1,2,2,0,0,91.458,0,3,4,,,"1,2",2,3,2,4,,,,,,,,,,,,,,,,,,,,,,,,,,,,,,,,,,,,,,,27,1,NOTHING,1,1
2020-01-24 18:43:19,2020-01-24 18:52:05,0,171.61.254.230,100,525,1,2020-01-24 18:52:06,R_24vigsbQY6SK9mj,,,,,13.08599853515625,80.27508544921875,anonymous,EN,"4,5,6,7,8,9",,Benjamin,,,,,,,,,,,,,,,,,,,,,,,,,,,,,,,,,,,,,,1,2,1,1,0,0,143.338,0,4,6,,,1,1,2,1,1,0,0,46.955,0,3,6,,,2,2,6,3,5,,,,,32,1,none,3,1
2020-01-24 18:46:22,2020-01-24 18:52:09,0,174.195.146.213,100,346,1,2020-01-24 18:52:09,R_PTArCkdsi5ReQZb,,,,,33.8242034912109375,-117.8433990478515625,anonymous,EN,"4,5,6,7,8,9",,Benjamin,,,,1,1,1,2,42.647,42.647,43.462,1,6,6,,,"1,2",1,1,1,2,44.711,44.711,45.274,1,6,6,,,1,,,,,2,6,6,6,,,,,,,,,,,,,,,,,,,,,,,,,,,,,,,,,,,29,2,,2,1
2020-01-24 18:40:41,2020-01-24 18:53:13,0,103.114.211.106,100,751,1,2020-01-24 18:53:14,R_3MG7hsgyH07F5r3,,,,,11.00750732421875,76.96710205078125,anonymous,EN,"4,5,6,7,8,9",,,Ava,,,,,,,,,,,,,,,,,,,,,,,,,,,,,,,,,,,,,1,1,2,1,0,0,164.683,0,,,5,5,1,1,1,1,2,0,0,366.914,0,,,4,6,1,4,6,2,4,,,,,30,1,good,3,2
2020-01-24 18:46:40,2020-01-24 18:53:14,0,69.201.57.161,100,394,1,2020-01-24 18:53:15,R_2xQbM9JPPMswwNa,,,,,43.9770965576171875,-75.9093017578125,anonymous,EN,"4,5,6,7,8,9",,,Ava,,,1,1,1,2,0,0,81.477,0,,,3,3,"1,2",1,1,1,2,0,0,86.744,0,,,4,3,1,,,,,5,5,7,7,,,,,,,,,,,,,,,,,,,,,,,,,,,,,,,,,,,34,1,,2,2
2020-01-24 18:53:30,2020-01-24 18:54:10,0,103.99.150.225,100,39,1,2020-01-24 18:54:10,R_2YRkE1ffdRfuqBZ,,,,,11.00750732421875,76.96710205078125,anonymous,EN,"4,5,6,7,8,9",,,,noah,,,,,,,,,,,,,,,,,,,,,,,,,,,,,,,,,,,,,,,,,,,,,,,,,,,,,,,,,,,,,,,,,,,,,,,,,,
2020-01-24 18:46:56,2020-01-24 18:54:55,0,174.87.12.39,100,479,1,2020-01-24 18:54:55,R_1MKtvly6I3YBXGV,,,,,35.1259002685546875,-117.96540069580078125,anonymous,EN,"4,5,6,7,8,9",,,Ava,,,1,2,2,2,0,0,140.748,0,6,6,,,"1,2",1,1,1,2,0,0,43.777,0,6,6,,,1,7,7,1,7,,,,,,,,,,,,,,,,,,,,,,,,,,,,,,,,,,,,,,,29,2,,1,1
2020-01-24 18:49:17,2020-01-24 18:55:32,0,70.162.65.201,100,375,1,2020-01-24 18:55:33,R_zTIuC7tXoBSdzB7,,,,,32.098907470703125,-110.72699737548828125,anonymous,EN,"4,5,6,7,8,9",,,,Noah,,1,1,1,2,0,0,48.624,0,,,5,5,"1,2",1,1,1,2,0,0,43.029,0,,,5,5,1,7,7,1,7,,,,,,,,,,,,,,,,,,,,,,,,,,,,,,,,,,,,,,,36,1,I didn't experience any issues and I don't have any suggestions. Thank you for the opportunity to participate today.,1,2
2020-01-24 18:50:25,2020-01-24 18:56:18,0,74.193.11.50,100,353,1,2020-01-24 18:56:19,R_21jloO5bM6RMk4k,,,,,30.4416046142578125,-95.539398193359375,anonymous,EN,"4,5,6,7,8,9",,,Ava,,,,,,,,,,,,,,,,,,,,,,,,,,,,,,,,,,,,,1,1,1,2,0,0,73.617,0,5,5,,,"1,2",1,1,1,2,33.332,33.332,94.91,1,2,6,,,1,6,6,1,7,,,,,33,2,,3,1
2020-01-24 18:49:35,2020-01-24 18:56:31,0,73.11.242.191,100,415,1,2020-01-24 18:56:31,R_3m2yxfKKoScAh7L,,,,,46.99609375,-122.73809814453125,anonymous,EN,"4,5,6,7,8,9",,,,Noah,,1,1,1,2,0,0,43.295,0,7,7,,,"1,2",1,1,1,2,0,0,43.726,0,1,7,,,1,,,,,1,7,7,7,,,,,,,,,,,,,,,,,,,,,,,,,,,,,,,,,,,60,2,"none, but thank you!",2,1
2020-01-24 18:55:25,2020-01-24 18:57:16,0,157.51.233.90,100,111,1,2020-01-24 18:57:16,R_3G8jl2fvfflfbRK,,,,,13.08599853515625,80.27508544921875,anonymous,EN,"4,5,6,7,8,9",,ME,,,,,,,,,,,,,,,,,,,,,,,,,,,,,,,,,,,,,,,,,,,,,,,,,,,,,,,,,,,,,,,,,,,,,,,,,,,,
2020-01-24 18:44:06,2020-01-24 18:57:29,0,67.249.186.196,100,802,1,2020-01-24 18:57:29,R_2v202pAazR9rtQW,,,,,43.03070068359375,-74.98760223388671875,anonymous,EN,"4,5,6,7,8,9",Emma,,,,,,,,,,,,,,,,,,,,,,,,,,,,,,,,,,,,,,,1,1,1,2,2.15,40.421,45.126,12,7,7,,,"1,2",1,1,1,2,46.52,46.52,47.355,1,7,7,,,1,,,,,4,4,4,4,36,1,second video error,4,1
2020-01-24 18:38:52,2020-01-24 18:57:32,0,157.50.60.212,100,1119,1,2020-01-24 18:57:32,R_VJ2M57T2Gq4YGJP,,,,,13.08599853515625,80.27508544921875,anonymous,EN,"4,5,6,7,8,9",,Benjamin,,,,1,1,1,2,0,0,104.689,0,6,6,,,"1,2",1,1,2,2,0,0,199.124,0,2,6,,,1,,,,,2,2,2,2,,,,,,,,,,,,,,,,,,,,,,,,,,,,,,,,,,,27,1,no,2,1
2020-01-24 18:52:44,2020-01-24 18:58:05,0,73.235.218.238,100,321,1,2020-01-24 18:58:05,R_2TTpYoKEa9guIaT,,,,,39.7458038330078125,-121.84439849853515625,anonymous,EN,"4,5,6,7,8,9",,,,Noah,,1,1,1,2,0,0,43.367,0,4,4,,,"1,2",1,1,1,2,0,0,43.33,0,4,4,,,1,7,7,1,7,,,,,,,,,,,,,,,,,,,,,,,,,,,,,,,,,,,,,,,38,2,,1,1
2020-01-24 18:57:31,2020-01-24 18:58:24,0,157.51.233.90,100,53,1,2020-01-24 18:58:24,R_2DREe3Oqimc9Wau,,,,,13.08599853515625,80.27508544921875,anonymous,EN,"4,5,6,7,8,9",,,,NOAH,,,,,,,,,,,,,,,,,,,,,,,,,,,,,,,,,,,,,,,,,,,,,,,,,,,,,,,,,,,,,,,,,,,,,,,,,,
2020-01-24 18:43:03,2020-01-24 18:58:42,0,99.42.41.84,100,938,1,2020-01-24 18:58:42,R_2ayR7DJm2OQY5PF,,,,,30.0735931396484375,-95.62030029296875,anonymous,EN,"4,5,6,7,8,9",,,,,James,1,1,1,1,0,0,100.523,0,,,7,7,"1,2",1,1,1,2,0,0,47.538,0,,,7,7,2,,,,,4,4,4,4,,,,,,,,,,,,,,,,,,,,,,,,,,,,,,,,,,,35,1,None,2,2
2020-01-24 18:53:16,2020-01-24 18:59:09,0,95.223.74.226,100,352,1,2020-01-24 18:59:09,R_3KDwHemub8doDyI,,,,,50.118804931640625,8.640106201171875,anonymous,EN,"4,5,6,7,8,9",,,,,James,,,,,,,,,,,,,,,,,,,,,,,,,,,,,,,,,,,1,1,1,1,0,0,47.685,0,,,7,7,"1,2",1,1,1,1,0,0,43.537,0,,,7,1,1,7,7,1,7,,,,,23,1,,3,2
2020-01-24 18:48:50,2020-01-24 18:59:27,0,157.51.250.18,100,637,1,2020-01-24 18:59:28,R_1eXXCuBdVZT9Zpu,,,,,13.08599853515625,80.27508544921875,anonymous,EN,"4,5,6,7,8,9",,,,," James",1,1,1,2,0,0,50.907,0,,,7,7,"1,2",1,1,1,2,0,0,48.531,0,,,7,7,1,1,1,1,1,,,,,,,,,,,,,,,,,,,,,,,,,,,,,,,,,,,,,,,25,1,it is easy to work on this survey,1,2
2020-01-24 18:58:29,2020-01-24 18:59:32,0,157.51.233.90,100,62,1,2020-01-24 18:59:32,R_1GDDvzadGZuF8JV,,,,,13.08599853515625,80.27508544921875,anonymous,EN,"4,5,6,7,8,9",,BENJAMIN,,,,,,,,,,,,,,,,,,,,,,,,,,,,,,,,,,,,,,,,,,,,,,,,,,,,,,,,,,,,,,,,,,,,,,,,,,,,
2020-01-24 18:49:23,2020-01-24 18:59:48,0,122.174.155.238,100,624,1,2020-01-24 18:59:48,R_2U3l7blQZiw1cNg,,,,,9.9405975341796875,76.26251220703125,anonymous,EN,"4,5,6,7,8,9",,,,day,,,,,,,,,,,,,,,,,,,,,,,,,,,,,,,,,,,,,,,,,,,,,,,,,,,,,,,,,,,,,,,,,,,,,,,,,,
2020-01-24 18:59:40,2020-01-24 19:00:42,8,157.51.233.90,100,62,1,2020-01-24 19:00:43,R_0pps8vq1SrUEEIV,,,,,13.08599853515625,80.27508544921875,anonymous,EN,"4,5,6,7,8,9",,,,NOAH,,,,,,,,,,,,,,,,,,,,,,,,,,,,,,,,,,,,,,,,,,,,,,,,,,,,,,,,,,,,,,,,,,,,,,,,,,
2020-01-24 18:55:28,2020-01-24 19:01:17,0,177.65.26.94,100,348,1,2020-01-24 19:01:17,R_3IZh3PZKAgDjTZV,,,,,-22.782501220703125,-43.4286041259765625,anonymous,EN,"4,5,6,7,8,9",,Benjamin,,,,,,,,,,,,,,,,,,,,,,,,,,,,,,,,,,,,,,1,1,1,2,0,0,46.22,0,,,3,5,2,1,1,1,1,0,0,91.652,0,,,7,1,1,,,,,2,7,3,5,29,1,,4,2
2020-01-24 18:58:30,2020-01-24 19:02:05,0,171.61.239.74,100,215,1,2020-01-24 19:02:06,R_1DpYv1n6aBh3bk0,,,,,13.08599853515625,80.27508544921875,anonymous,EN,"4,5,6,7,8,9",Emma,,,,,1,2,2,2,0,0,46.248,0,,,7,7,"1,2",1,1,1,1,0,0,44.111,0,,,7,7,1,,,,,7,7,7,7,,,,,,,,,,,,,,,,,,,,,,,,,,,,,,,,,,,27,1,,2,2
2020-01-24 18:53:28,2020-01-24 19:02:50,0,177.223.160.22,100,562,1,2020-01-24 19:02:50,R_2Pe4F5FVTH04eOi,,,,,-13.0099029541015625,-39.229400634765625,anonymous,EN,"4,5,6,7,8,9",Emma,,,,,1,1,1,2,0,0,64.609,0,,,7,7,"1,2",1,1,1,2,0,0,106.265,0,,,5,1,1,7,7,1,7,,,,,,,,,,,,,,,,,,,,,,,,,,,,,,,,,,,,,,,33,1,,1,2
2020-01-24 18:58:12,2020-01-24 19:03:13,0,103.99.150.225,100,300,1,2020-01-24 19:03:13,R_YbHTwjGyee7ojUl,,,,,11.00750732421875,76.96710205078125,anonymous,EN,"4,5,6,7,8,9",,,,Noah,,1,1,1,2,0,0,45.299,0,5,5,,,"1,2",1,1,1,2,0,0,44.11,0,6,2,,,1,5,4,6,4,,,,,,,,,,,,,,,,,,,,,,,,,,,,,,,,,,,,,,,30,1,good,1,1
2020-01-24 18:24:37,2020-01-24 19:03:19,0,59.92.33.5,100,2321,1,2020-01-24 19:03:19,R_1g0TW5Uuit0gugj,,,,,8.1790008544921875,77.43231201171875,anonymous,EN,"4,5,6,7,8,9",,,,,James,1,1,1,2,0,0,94.195,0,4,4,,,"1,2",1,1,1,2,0,0,165.37,0,1,7,,,1,,,,,6,6,6,6,,,,,,,,,,,,,,,,,,,,,,,,,,,,,,,,,,,24,1,Nice,2,1
2020-01-24 18:57:21,2020-01-24 19:04:28,0,171.61.225.124,100,427,1,2020-01-24 19:04:29,R_1CmrQQcKMkODGYY,,,,,13.08599853515625,80.27508544921875,anonymous,EN,"4,5,6,7,8,9",,,William talking to Ava,,,,,,,,,,,,,,,,,,,,,,,,,,,,,,,,,,,,,1,1,1,1,0,0,81.02,0,,,6,6,"1,2",1,1,1,2,0,0,55.023,0,,,6,5,"1,2",,,,,6,5,6,6,28,1,CPB/2014/006,4,2
2020-01-24 18:53:10,2020-01-24 19:06:20,0,47.30.158.203,100,789,1,2020-01-24 19:06:20,R_32JuSH7tpHDNjvF,,,,,28.6504058837890625,77.237213134765625,anonymous,EN,"4,5,6,7,8,9",,,,Noah,,,,,,,,,,,,,,,,,,,,,,,,,,,,,,,,,,,,1,1,1,2,55.193,55.193,55.934,1,5,5,,,"1,2",1,1,1,2,0,0,43.304,0,5,5,,,1,6,6,1,6,,,,,28,1,,3,1
2020-01-24 18:29:21,2020-01-24 19:06:27,0,99.57.35.40,100,2226,1,2020-01-24 19:06:27,R_aeNpLK71Pz3too9,,,,,42.35400390625,-87.86750030517578125,anonymous,EN,"4,5,6,7,8,9",Emma,,,,,,,,,,,,,,,,,,,,,,,,,,,,,,,,,,,,,,,1,1,1,2,65.825,237.707,302.038,2,,,6,7,"1,2",2,1,1,1,24.625,56.409,163.511,2,,,1,1,1,,,,,2,2,7,7,22,1,pay more.,4,2
2020-01-24 18:55:54,2020-01-24 19:07:45,0,61.2.33.147,100,710,1,2020-01-24 19:07:45,R_3ewf0r1GkseitrL,,,,,8.1790008544921875,77.43231201171875,anonymous,EN,"4,5,6,7,8,9",Emma,,,,,,,,,,,,,,,,,,,,,,,,,,,,,,,,,,,,,,,1,1,1,2,0,0,184.027,0,,,4,4,"1,2",1,1,1,2,0,0,159.942,0,,,7,1,1,6,6,6,6,,,,,25,1,Nice,3,2
2020-01-24 19:00:21,2020-01-24 19:09:21,0,72.220.90.240,100,540,1,2020-01-24 19:09:21,R_RE8aDSmDgzoIJCV,,,,,32.7935943603515625,-117.06890106201171875,anonymous,EN,"4,5,6,7,8,9",,,,,James,1,1,1,2,0,0,47.995,0,,,7,7,"1,2",1,1,1,2,0,0,98.751,0,,,7,5,1,7,7,2,7,,,,,,,,,,,,,,,,,,,,,,,,,,,,,,,,,,,,,,,33,1,"instructions were clear, no issues encountered",1,2
2020-01-24 18:44:37,2020-01-24 19:10:18,0,157.50.85.27,100,1540,1,2020-01-24 19:10:18,R_3Nwatw9IWifweHH,,,,,13.08599853515625,80.27508544921875,anonymous,EN,"4,5,6,7,8,9",yes,,,,,,,,,,,,,,,,,,,,,,,,,,,,,,,,,,,,,,,,,,,,,,,,,,,,,,,,,,,,,,,,,,,,,,,,,,,,,
2020-01-24 18:51:59,2020-01-24 19:15:45,0,99.75.53.174,100,1425,1,2020-01-24 19:15:45,R_1I5zPCuvDGMckSi,,,,,42.00030517578125,-88.1421966552734375,anonymous,EN,"4,5,6,7,8,9",Emma,,,,,,,,,,,,,,,,,,,,,,,,,,,,,,,,,,,,,,,1,1,1,2,0,0,94.981,0,7,7,,,"1,2",1,1,1,2,1058.504,1058.504,1132.454,1,1,7,,,1,7,7,1,7,,,,,25,1,The video and images took forever to load for some reason.,3,1
2020-01-24 19:12:00,2020-01-24 19:16:00,0,157.51.218.23,100,239,1,2020-01-24 19:16:01,R_BPr2awWHvjy7769,,,,,13.08599853515625,80.27508544921875,anonymous,EN,"4,5,6,7,8,9",Emma,,,,,1,1,1,1,0,0,42.107,0,,,3,4,"1,2",1,1,1,1,0,0,42.273,0,,,2,3,"1,2",,,,,4,3,3,4,,,,,,,,,,,,,,,,,,,,,,,,,,,,,,,,,,,24,2,NO COMMENTS BUT SUPER SURVEY.,2,2
2020-01-24 18:41:43,2020-01-24 19:17:23,0,85.104.107.172,100,2139,1,2020-01-24 19:17:23,R_1nMzCxLRa7aG799,,,,,39.91070556640625,32.8553924560546875,anonymous,EN,"4,5,6,7,8,9",,Benjamin,,,,1,1,1,2,0,0,43.434,0,5,5,,,"1,2",1,1,1,2,0,0,48.358,0,3,7,,,1,7,7,1,7,,,,,,,,,,,,,,,,,,,,,,,,,,,,,,,,,,,,,,,35,1,,1,1
2020-01-24 19:13:30,2020-01-24 19:19:29,0,69.128.35.252,100,359,1,2020-01-24 19:19:29,R_z0BMVKz94xejKNz,,,,,42.8235015869140625,-84.233001708984375,anonymous,EN,"4,5,6,7,8,9",,,Ava,,,1,1,1,2,79.55,79.55,80.522,1,,,6,6,"1,2",1,1,1,2,3.243,86.802,92.9,3,,,7,4,1,,,,,1,6,7,7,,,,,,,,,,,,,,,,,,,,,,,,,,,,,,,,,,,37,2,,2,2
2020-01-24 18:35:43,2020-01-24 19:20:37,0,117.216.37.64,100,2693,1,2020-01-24 19:20:37,R_2zqJps9xI1CmfuH,,,,,8.1790008544921875,77.43231201171875,anonymous,EN,"4,5,6,7,8,9",Emma,,,,,1,1,1,2,0,0,1480.386,0,3,4,,,"1,2",1,1,1,1,15.316,44.891,139.351,10,2,2,,,1,,,,,4,4,4,4,,,,,,,,,,,,,,,,,,,,,,,,,,,,,,,,,,,23,2,,2,1
2020-01-24 19:13:02,2020-01-24 19:22:29,0,174.101.36.103,100,567,1,2020-01-24 19:22:30,R_216bDdcjopgU6aj,,,,,39.4521942138671875,-83.84100341796875,anonymous,EN,"4,5,6,7,8,9",,,,Noah,,,,,,,,,,,,,,,,,,,,,,,,,,,,,,,,,,,,1,1,1,2,21.639,37.87,136.799,2,7,7,,,"1,2",1,1,1,2,0,0,100.798,0,1,7,,,1,,,,,1,7,7,7,30,1,It took a very long time for both videos to load,4,1
2020-01-24 19:17:14,2020-01-24 19:24:15,0,143.59.86.26,100,420,1,2020-01-24 19:24:15,R_3D8BtVlxvGhddKT,,,,,42.3755035400390625,-83.288299560546875,anonymous,EN,"4,5,6,7,8,9",,,,,James,,,,,,,,,,,,,,,,,,,,,,,,,,,,,,,,,,,1,1,1,2,25.332,27.116,91.817,2,6,6,,,"1,2",1,1,1,2,99.549,99.549,101.048,1,5,6,,,1,7,7,2,7,,,,,26,2,,3,1
2020-01-24 19:03:17,2020-01-24 19:24:36,0,122.164.223.113,100,1279,1,2020-01-24 19:24:37,R_2fqu5JpfT8yB2iU,,,,,13.08599853515625,80.27508544921875,anonymous,EN,"4,5,6,7,8,9",,Benjamin,,,,,,,,,,,,,,,,,,,,,,,,,,,,,,,,,,,,,,2,1,1,2,0.97,75.619,78.991,4,,,2,3,1,1,2,1,2,546.745,548.552,551.524,2,,,2,3,1,,,,,2,3,2,3,27,1,,4,2
2020-01-24 19:23:41,2020-01-24 19:25:11,0,75.58.176.229,100,89,1,2020-01-24 19:25:11,R_30lbIqwA7VPkdn7,,,,,28.5807037353515625,-81.189300537109375,anonymous,EN,"4,5,6,7,8,9",,,ava,,,,,,,,,,,,,,,,,,,,,,,,,,,,,,,,,,,,,,,,,,,,,,,,,,,,,,,,,,,,,,,,,,,,,,,,,,,
2020-01-24 19:22:23,2020-01-24 19:27:29,0,122.164.215.96,100,306,1,2020-01-24 19:27:30,R_1hyXcJvAHf72lwR,,,,,13.08599853515625,80.27508544921875,anonymous,EN,"4,5,6,7,8,9",,,Ava,,,1,1,1,1,0,0,68.408,0,,,4,5,"1,2",1,1,1,1,0,0,60.716,0,,,3,6,1,3,5,3,6,,,,,,,,,,,,,,,,,,,,,,,,,,,,,,,,,,,,,,,27,1,NOTHING,1,2
2020-01-24 19:00:19,2020-01-24 19:27:30,0,122.174.155.238,100,1631,1,2020-01-24 19:27:31,R_3konHT8JdCG131z,,,,,9.9405975341796875,76.26251220703125,anonymous,EN,"4,5,6,7,8,9",Emma,,,,,,,,,,,,,,,,,,,,,,,,,,,,,,,,,,,,,,,2,1,2,1,1.087,1.087,51.789,1,2,3,,,1,2,1,2,1,49.288,49.288,50.549,1,3,4,,,1,,,,,2,2,2,2,27,1,,4,1
2020-01-24 19:22:40,2020-01-24 19:29:31,0,35.138.250.176,100,411,1,2020-01-24 19:29:31,R_Rlcoh1OfjErCaad,,,,,28.24749755859375,-82.49430084228515625,anonymous,EN,"4,5,6,7,8,9",,Benjamin,,,,,,,,,,,,,,,,,,,,,,,,,,,,,,,,,,,,,,1,1,1,2,0,0,66.266,0,7,7,,,"1,2",1,1,1,2,0,0,108.3,0,3,7,,,1,,,,,1,7,7,7,29,1,It loads very slow,4,1
2020-01-24 19:18:31,2020-01-24 19:30:11,0,117.213.33.88,100,699,1,2020-01-24 19:30:11,R_1hWRMGMy1kK2ip6,,,,,8.1790008544921875,77.43231201171875,anonymous,EN,"4,5,6,7,8,9",,,,Noah,,1,1,1,2,0,0,141.432,0,,,4,4,"1,2",1,1,1,2,0,0,123.9,0,,,7,1,1,6,6,6,6,,,,,,,,,,,,,,,,,,,,,,,,,,,,,,,,,,,,,,,25,1,Nice,1,2
2020-01-24 19:15:08,2020-01-24 19:30:16,0,173.198.160.217,100,908,1,2020-01-24 19:30:16,R_1Le2xwTySYOjsVC,,,,,43.9600982666015625,-111.69750213623046875,anonymous,EN,"4,5,6,7,8,9",,,Ava,,,,,,,,,,,,,,,,,,,,,,,,,,,,,,,,,,,,,1,1,1,2,0,0,53.525,0,,,7,7,"1,2",1,1,1,2,0,0,46.717,0,,,7,7,1,7,7,3,7,,,,,59,2,,3,2
2020-01-24 19:21:48,2020-01-24 19:30:33,0,68.102.125.99,100,524,1,2020-01-24 19:30:33,R_WlD5m4ZLtj31Z7P,,,,,37.6692047119140625,-97.27539825439453125,anonymous,EN,"4,5,6,7,8,9",,Benjamin,,,,,,,,,,,,,,,,,,,,,,,,,,,,,,,,,,,,,,1,1,1,2,218.812,218.812,260.216,1,7,7,,,"1,2",1,1,1,2,29.487,98.297,118.354,2,7,7,,,1,,,,,1,7,7,7,29,1,,4,1
2020-01-24 19:22:13,2020-01-24 19:30:34,0,73.98.21.41,100,500,1,2020-01-24 19:30:34,R_1DZKjWLnnOMSn3r,,,,,35.13690185546875,-106.5198974609375,anonymous,EN,"4,5,6,7,8,9",,Benjamin,,,,,,,,,,,,,,,,,,,,,,,,,,,,,,,,,,,,,,1,1,1,2,9.829,65.581,215.071,9,,,6,6,"1,2",1,1,1,2,0,0,45.03,0,,,4,5,1,6,6,2,6,,,,,56,2,The first video took a very long time to load.,3,2
2020-01-24 19:23:02,2020-01-24 19:31:13,0,72.10.158.72,100,490,1,2020-01-24 19:31:13,R_2ZP1F6sLYViSS9v,,,,,46.834503173828125,-71.22350311279296875,anonymous,EN,"4,5,6,7,8,9",,,,Noah,,1,1,1,2,0,0,44.168,0,7,7,,,"1,2",1,1,1,2,0,0,46.408,0,3,7,,,1,,,,,7,7,7,7,,,,,,,,,,,,,,,,,,,,,,,,,,,,,,,,,,,37,1,,2,1
2020-01-24 19:26:56,2020-01-24 19:32:22,0,103.91.85.99,100,325,1,2020-01-24 19:32:22,R_UtD8J3otgxwB0hb,,,,,11.220306396484375,78.166290283203125,anonymous,EN,"4,5,6,7,8,9",,,,NOAH,,,,,,,,,,,,,,,,,,,,,,,,,,,,,,,,,,,,,,,,,,,,,,,,,,,,,,,,,,,,,,,,,,,,,,,,,,
2020-01-24 19:22:51,2020-01-24 19:32:31,0,61.2.33.147,100,580,1,2020-01-24 19:32:31,R_2q8gdazqIoZRdXt,,,,,8.1790008544921875,77.43231201171875,anonymous,EN,"4,5,6,7,8,9",,,,Noah,,1,1,1,2,0,0,168.29,0,5,6,,,"1,2",1,1,1,2,0,0,174.769,0,3,5,,,1,,,,,6,6,6,5,,,,,,,,,,,,,,,,,,,,,,,,,,,,,,,,,,,25,1,Nice,2,1
2020-01-24 19:25:17,2020-01-24 19:32:37,0,75.58.176.229,100,440,1,2020-01-24 19:32:37,R_pFqv5ghPG9xxGMN,,,,,28.5807037353515625,-81.189300537109375,anonymous,EN,"4,5,6,7,8,9",,,,,James,1,1,2,1,0,0,48.907,0,,,4,4,"1,2",1,1,1,1,80.641,80.641,82.908,1,,,7,1,1,4,4,1,5,,,,,,,,,,,,,,,,,,,,,,,,,,,,,,,,,,,,,,,31,1,No issues.,1,2
2020-01-24 19:02:08,2020-01-24 19:35:57,0,73.135.76.176,100,2028,1,2020-01-24 19:35:57,R_1Fhn58kPbPec9Qr,,,,,38.9033966064453125,-76.98819732666015625,anonymous,EN,"4,5,6,7,8,9",,Benjamin,,,,,,,,,,,,,,,,,,,,,,,,,,,,,,,,,,,,,,1,1,1,2,0,0,75.097,0,,,5,5,"1,2",1,1,1,2,0,0,45.671,0,,,6,4,1,,,,,2,6,6,6,28,2,,4,2
2020-01-24 19:33:03,2020-01-24 19:41:20,0,64.145.93.82,100,496,1,2020-01-24 19:41:20,R_2Ba4YvQe1gXKfkD,,,,,32.7888946533203125,-96.80210113525390625,anonymous,EN,"4,5,6,7,8,9",,,Ava,,,,,,,,,,,,,,,,,,,,,,,,,,,,,,,,,,,,,1,1,1,2,0,0,53.62,0,7,7,,,"1,2",1,1,2,1,127.336,127.336,127.844,1,4,2,,,1,,,,,4,6,7,7,42,1,,4,1
2020-01-24 19:34:37,2020-01-24 19:41:30,0,49.37.205.248,100,412,1,2020-01-24 19:41:30,R_24ynOI94iTawCPL,,,,,12.97210693359375,77.593292236328125,anonymous,EN,"4,5,6,7,8,9",,,,Noah,,,,,,,,,,,,,,,,,,,,,,,,,,,,,,,,,,,,2,1,1,1,53.602,55.565,56.271,3,4,6,,,1,1,1,1,2,0,0,57.294,0,6,6,,,"1,2",4,6,6,6,,,,,30,1,all good,3,1
2020-01-24 18:26:44,2020-01-24 19:42:35,0,75.174.241.245,100,4550,1,2020-01-24 19:42:35,R_2eOqHxc8j5idD3O,,,,,43.7046051025390625,-116.35829925537109375,anonymous,EN,"4,5,6,7,8,9",,,,Noah,,1,1,1,1,0,0,75.349,0,7,7,,,"1,2",1,1,1,1,115.103,119.85,188.01,4,6,3,,,1,,,,,5,6,6,6,,,,,,,,,,,,,,,,,,,,,,,,,,,,,,,,,,,35,1,This is a great study.,2,1
2020-01-24 19:37:48,2020-01-24 19:42:46,0,24.237.12.78,100,298,1,2020-01-24 19:42:47,R_1pGao9XCQpBJ7pA,,,,,58.36279296875,-134.5294036865234375,anonymous,EN,"4,5,6,7,8,9",,,,,James,,,,,,,,,,,,,,,,,,,,,,,,,,,,,,,,,,,1,1,1,2,0,0,52.552,0,,,6,6,"1,2",1,1,1,2,0,0,42.736,0,,,6,6,1,7,7,5,7,,,,,37,1,,3,2
2020-01-24 19:39:50,2020-01-24 19:43:25,0,122.164.72.106,100,214,1,2020-01-24 19:43:25,R_V4EYDgeaXLD6vw5,,,,,13.08599853515625,80.27508544921875,anonymous,EN,"4,5,6,7,8,9",,,Ava,,,1,1,1,1,0,0,69.582,0,5,6,,,"1,2",1,1,1,1,0,0,47.081,0,5,4,,,1,4,6,3,6,,,,,,,,,,,,,,,,,,,,,,,,,,,,,,,,,,,,,,,27,2,NOTHING,1,1
2020-01-24 19:29:39,2020-01-24 19:43:56,0,76.93.168.189,100,856,1,2020-01-24 19:43:56,R_3lxe9iJxirmPjdY,,,,,33.1165008544921875,-117.184600830078125,anonymous,EN,"4,5,6,7,8,9",Emma,,,,,,,,,,,,,,,,,,,,,,,,,,,,,,,,,,,,,,,1,1,1,2,0,0,60.981,0,7,7,,,"1,2",1,1,1,2,0,0,44.515,0,2,6,,,1,,,,,1,7,7,7,42,1,Thanks for the interesting experiment. I enjoyed reflecting on the differences in the scenarios and how they influenced my impressions of who was blameworthy in each.,4,1
2020-01-24 19:39:39,2020-01-24 19:44:16,0,107.77.222.228,100,277,1,2020-01-24 19:44:16,R_2Ce3VNi8Tgi0UYo,,,,,29.7738037109375,-95.40599822998046875,anonymous,EN,"4,5,6,7,8,9",,,Ava,,,1,1,1,2,22.852,22.852,82.852,1,,,4,4,"1,2",1,1,1,2,7.885,7.885,43.965,1,,,4,4,2,,,,,7,7,7,7,,,,,,,,,,,,,,,,,,,,,,,,,,,,,,,,,,,42,1,,2,2
2020-01-24 19:40:32,2020-01-24 19:44:26,0,73.25.229.106,100,233,1,2020-01-24 19:44:26,R_10PGTk8XU4pHYo5,,,,,45.537506103515625,-122.59889984130859375,anonymous,EN,"4,5,6,7,8,9",,Benjamin,,,,,,,,,,,,,,,,,,,,,,,,,,,,,,,,,,,,,,1,1,1,2,7.366,7.366,52.082,1,,,7,7,"1,2",1,1,1,2,0,0,42.853,0,,,7,7,1,,,,,1,7,7,7,34,2,,4,2
2020-01-24 19:39:54,2020-01-24 19:45:33,0,104.52.25.66,100,339,1,2020-01-24 19:45:34,R_1n7Jm2cVzflqnUg,,,,,34.0717926025390625,-117.697296142578125,anonymous,EN,"4,5,6,7,8,9",,,,Noah,,1,1,1,2,0,0,62.827,0,7,7,,,"1,2",2,2,2,2,0,0,49.742,0,1,7,,,1,7,7,1,7,,,,,,,,,,,,,,,,,,,,,,,,,,,,,,,,,,,,,,,45,2,,1,1
2020-01-24 19:34:24,2020-01-24 19:45:50,0,73.33.74.127,100,685,1,2020-01-24 19:45:50,R_RtnV7FjeLsskiUF,,,,,40.7581939697265625,-74.99140167236328125,anonymous,EN,"4,5,6,7,8,9",,,,,James,,,,,,,,,,,,,,,,,,,,,,,,,,,,,,,,,,,1,1,1,2,58.701,58.701,59.16,1,6,6,,,"1,2",1,1,1,2,3.099,4.839,68.145,2,6,7,,,1,7,7,1,7,,,,,37,1,,3,1
2020-01-24 19:39:36,2020-01-24 19:46:37,0,67.7.37.190,100,421,1,2020-01-24 19:46:40,R_ymVJAGeB6PvPSPT,,,,,41.4528045654296875,-86.20040130615234375,anonymous,EN,"4,5,6,7,8,9",,Benjamin,,,,,,,,,,,,,,,,,,,,,,,,,,,,,,,,,,,,,,1,1,1,2,68.039,68.039,69.183,1,6,6,,,"1,2",1,1,1,2,3.1,76.147,77.242,3,2,7,,,1,7,7,1,7,,,,,30,2,No issues or suggestions,3,1
2020-01-24 19:39:43,2020-01-24 19:46:41,0,206.74.105.224,100,418,1,2020-01-24 19:46:42,R_2Vt3fnavXkhgRzJ,,,,,34.3303985595703125,-82.336700439453125,anonymous,EN,"4,5,6,7,8,9",,,,Noah,,1,1,1,2,0,0,81.267,0,,,7,7,"1,2",1,1,1,2,0,0,66.285,0,,,7,4,1,,,,,1,7,7,7,,,,,,,,,,,,,,,,,,,,,,,,,,,,,,,,,,,55,2,Thanks,2,2
2020-01-24 19:42:05,2020-01-24 19:47:15,0,100.15.126.55,100,309,1,2020-01-24 19:47:15,R_2YrnJtaGPs3EpCR,,,,,39.0012969970703125,-76.88800048828125,anonymous,EN,"4,5,6,7,8,9",,,,,James,1,1,1,2,0,0,71.159,0,,,6,6,"1,2",1,1,1,2,0,0,48.435,0,,,6,6,1,,,,,6,6,6,6,,,,,,,,,,,,,,,,,,,,,,,,,,,,,,,,,,,60,2,,2,2
2020-01-24 19:29:06,2020-01-24 19:47:19,0,117.213.35.178,100,1093,1,2020-01-24 19:47:20,R_31MGBxLDuodAv6z,,,,,8.1790008544921875,77.43231201171875,anonymous,EN,"4,5,6,7,8,9",Emma,,,,,1,1,1,2,0,0,516.612,0,,,4,4,"1,2",1,1,1,2,0,0,124.563,0,,,6,3,1,6,7,6,6,,,,,,,,,,,,,,,,,,,,,,,,,,,,,,,,,,,,,,,24,1,Nice,1,2
2020-01-24 19:37:35,2020-01-24 19:48:16,0,63.152.52.133,100,640,1,2020-01-24 19:48:16,R_3fozl4NHZ1Jpppc,,,,,42.022796630859375,-91.65720367431640625,anonymous,EN,"4,5,6,7,8,9",,,,,James,,,,,,,,,,,,,,,,,,,,,,,,,,,,,,,,,,,1,1,1,2,64.907,70.635,127.04,4,7,7,,,"1,2",1,1,1,2,0,0,49.523,0,7,7,,,1,1,1,1,1,,,,,43,2,,3,1
2020-01-24 19:43:40,2020-01-24 19:52:24,0,69.132.48.147,100,523,1,2020-01-24 19:52:25,R_28OEMuRpuB0yFpI,,,,,35.483795166015625,-80.6031036376953125,anonymous,EN,"4,5,6,7,8,9",,,,Noah,,,,,,,,,,,,,,,,,,,,,,,,,,,,,,,,,,,,1,1,1,2,0,0,155.667,0,,,6,6,"1,2",1,1,1,2,0,0,68.499,0,,,5,3,1,,,,,2,6,6,6,62,2,,4,2
2020-01-24 19:43:41,2020-01-24 19:52:48,0,117.213.35.178,100,547,1,2020-01-24 19:52:49,R_2znKtrJcBv71Q3D,,,,,8.1790008544921875,77.43231201171875,anonymous,EN,"4,5,6,7,8,9",,Benjamin,,,,1,1,1,2,0,0,123.598,0,,,6,6,"1,2",1,1,1,2,0,0,118.012,0,,,6,5,1,6,6,6,5,,,,,,,,,,,,,,,,,,,,,,,,,,,,,,,,,,,,,,,25,1,Nice,1,2
2020-01-24 19:46:25,2020-01-24 19:52:49,0,96.11.217.115,100,384,1,2020-01-24 19:52:50,R_1NCGeA27GWFBTdT,,,,,38.0012054443359375,-84.532501220703125,anonymous,EN,"4,5,6,7,8,9",Emma,,,,,1,1,1,2,0,0,46.287,0,4,4,,,"1,2",1,1,1,2,0,0,45.292,0,7,1,,,1,1,1,1,6,,,,,,,,,,,,,,,,,,,,,,,,,,,,,,,,,,,,,,,32,1,,1,1
2020-01-24 19:44:22,2020-01-24 19:56:06,0,117.213.33.88,100,704,1,2020-01-24 19:56:07,R_AH9VrkUezzzPdSx,,,,,8.1790008544921875,77.43231201171875,anonymous,EN,"4,5,6,7,8,9",Emma,,,,,,,,,,,,,,,,,,,,,,,,,,,,,,,,,,,,,,,1,1,1,2,0,0,165.893,0,,,5,6,"1,2",1,1,1,2,0,0,127.657,0,,,5,5,1,,,,,4,5,6,5,25,2,Nice,4,2
2020-01-24 19:52:29,2020-01-24 19:57:16,0,24.88.233.91,100,286,1,2020-01-24 19:57:16,R_2czUWl9jHej6b9H,,,,,34.9541015625,-78.739501953125,anonymous,EN,"4,5,6,7,8,9",,,Ava,,,1,1,1,2,0,0,45.765,0,,,7,7,"1,2",1,1,1,2,0,0,65.829,0,,,7,1,1,,,,,7,7,7,7,,,,,,,,,,,,,,,,,,,,,,,,,,,,,,,,,,,45,1,,2,2
2020-01-24 19:58:07,2020-01-24 20:03:36,0,67.184.201.18,100,328,1,2020-01-24 20:03:36,R_uwhf90m5SYFaBoZ,,,,,42.3954925537109375,-88.1670989990234375,anonymous,EN,"4,5,6,7,8,9",,Benjamin,,,,,,,,,,,,,,,,,,,,,,,,,,,,,,,,,,,,,,1,1,1,2,0,0,45.406,0,4,4,,,"1,2",1,1,1,2,0,0,43.87,0,2,5,,,1,,,,,4,6,7,7,50,1,,4,1
2020-01-24 19:59:04,2020-01-24 20:04:45,0,45.23.53.204,100,340,1,2020-01-24 20:04:45,R_1pJz74Cn1yAAVVm,,,,,38.702301025390625,-90.36440277099609375,anonymous,EN,"4,5,6,7,8,9",Emma,,,,,2,2,2,2,0,0,47.772,0,,,1,1,1,1,1,2,2,0,0,60.945,0,,,1,1,1,,,,,1,1,1,1,,,,,,,,,,,,,,,,,,,,,,,,,,,,,,,,,,,28,1,,2,2
2020-01-24 20:06:09,2020-01-24 20:13:13,0,61.2.33.147,100,423,1,2020-01-24 20:13:14,R_3P5iG1g0MFOWYh9,,,,,8.1790008544921875,77.43231201171875,anonymous,EN,"4,5,6,7,8,9",Emma,,,,,1,1,1,2,0,0,109.613,0,5,5,,,"1,2",1,1,1,2,0,0,120.631,0,5,5,,,1,6,6,5,5,,,,,,,,,,,,,,,,,,,,,,,,,,,,,,,,,,,,,,,25,1,Nice,1,1
2020-01-24 20:11:42,2020-01-24 20:14:41,0,202.53.6.36,100,178,1,2020-01-24 20:14:41,R_2sX7OveWrLU1mWV,,,,,9.91900634765625,78.1195068359375,anonymous,EN,"4,5,6,7,8,9",,,ava,,,,,,,,,,,,,,,,,,,,,,,,,,,,,,,,,,,,,,,,,,,,,,,,,,,,,,,,,,,,,,,,,,,,,,,,,,,
2020-01-24 19:56:38,2020-01-24 20:14:48,0,67.84.85.155,100,1089,1,2020-01-24 20:14:48,R_2w0OS6tceQ0CEI6,,,,,40.66650390625,-73.545501708984375,anonymous,EN,"4,5,6,7,8,9",,,Ava,,,,,,,,,,,,,,,,,,,,,,,,,,,,,,,,,,,,,1,1,1,2,0,0,130.735,0,,,4,4,"1,2",1,1,1,2,175.21,175.21,177.005,1,,,4,4,1,,,,,4,7,7,7,31,1,"Great Study, hope to do more in the future.",4,2
2020-01-24 20:12:14,2020-01-24 20:15:55,0,131.93.174.24,100,220,1,2020-01-24 20:15:55,R_3infWwx0ijizjfN,,,,,45.2201995849609375,-93.96379852294921875,anonymous,EN,"4,5,6,7,8,9",,,Ava,,,1,2,1,1,0,0,54.5,0,,,5,5,1,2,2,1,2,0,0,49.662,0,,,4,5,"1,2",4,6,4,5,,,,,,,,,,,,,,,,,,,,,,,,,,,,,,,,,,,,,,,29,1,,1,2
2020-01-24 20:08:59,2020-01-24 20:16:08,0,24.180.81.198,100,428,1,2020-01-24 20:16:08,R_XGJogHhklv7Hcjv,,,,,43.0352020263671875,-83.52480316162109375,anonymous,EN,"4,5,6,7,8,9",Emma,,,,,,,,,,,,,,,,,,,,,,,,,,,,,,,,,,,,,,,1,1,1,2,0,0,44.627,0,7,7,,,"1,2",1,1,1,2,0,0,44.612,0,1,7,,,1,,,,,7,7,7,7,30,2,"For the first video, I meant to say that James knew that Henry was going to use the kettle on friday because Henry had used it every other day that week.",4,1
2020-01-24 19:55:39,2020-01-24 20:16:16,0,171.61.255.73,100,1236,1,2020-01-24 20:16:16,R_31oxaWQ1aXGyeVX,,,,,13.08599853515625,80.27508544921875,anonymous,EN,"4,5,6,7,8,9",,,Ava,,,1,1,1,2,0,0,151.605,0,4,4,,,"1,2",1,1,1,2,0,0,51.994,0,2,6,,,1,6,6,2,6,,,,,,,,,,,,,,,,,,,,,,,,,,,,,,,,,,,,,,,30,2,the videos were very clear and easy to under,1,1
2020-01-24 20:00:53,2020-01-24 20:17:01,0,117.217.214.134,100,967,1,2020-01-24 20:17:01,R_4ORvkM4TTvBJtnj,,,,,8.1790008544921875,77.43231201171875,anonymous,EN,"4,5,6,7,8,9",Emma,,,,,,,,,,,,,,,,,,,,,,,,,,,,,,,,,,,,,,,1,1,1,2,40.35,40.35,396.537,1,,,6,6,"1,2",1,1,1,2,0,0,309.147,0,,,6,5,1,5,5,6,6,,,,,24,1,Nice,3,2
2020-01-24 20:11:54,2020-01-24 20:17:52,0,73.2.182.75,100,358,1,2020-01-24 20:17:53,R_3qgtyAwxl7AA4ZD,,,,,35.16400146484375,-89.78260040283203125,anonymous,EN,"4,5,6,7,8,9",Emma,,,,,,,,,,,,,,,,,,,,,,,,,,,,,,,,,,,,,,,1,1,1,2,0,0,63.026,0,7,7,,,"1,2",1,1,1,2,0,0,107.567,0,7,7,,,1,1,7,1,7,,,,,46,2,,3,1
2020-01-24 20:06:42,2020-01-24 20:22:17,0,94.19.106.249,100,935,1,2020-01-24 20:22:17,R_Oyf0ZWREXSf3fKF,,,,,59.898101806640625,30.26190185546875,anonymous,EN,"4,5,6,7,8,9",Emma,,,,,,,,,,,,,,,,,,,,,,,,,,,,,,,,,,,,,,,1,1,1,1,0,0,63.147,0,6,6,,,"1,2",1,1,1,1,0,0,44.399,0,6,2,,,2,,,,,6,3,6,6,36,1,,4,1
2020-01-24 20:13:40,2020-01-24 20:23:37,0,80.180.106.104,100,597,1,2020-01-24 20:23:38,R_1ezN8rsMpFp1ytO,,,,,41.8903961181640625,12.5124053955078125,anonymous,EN,"4,5,6,7,8,9",,,,,James,1,1,1,2,0,0,45.41,0,,,7,7,"1,2",1,1,1,2,0,0,46.45,0,,,4,4,1,,,,,4,4,5,5,,,,,,,,,,,,,,,,,,,,,,,,,,,,,,,,,,,39,2,,2,2
2020-01-24 20:19:30,2020-01-24 20:24:11,0,171.61.255.135,100,280,1,2020-01-24 20:24:11,R_3g7nvu6Daqb4YCK,,,,,13.08599853515625,80.27508544921875,anonymous,EN,"4,5,6,7,8,9",,,Ava,,,1,1,2,1,0,0,42.334,0,,,3,4,2,1,1,1,1,0,0,42.152,0,,,3,5,1,,,,,3,5,2,5,,,,,,,,,,,,,,,,,,,,,,,,,,,,,,,,,,,32,1,,2,2
2020-01-24 20:19:52,2020-01-24 20:24:26,0,74.140.164.46,100,273,1,2020-01-24 20:24:26,R_3KBWJlWCy0YO8tL,,,,,39.837799072265625,-84.1110992431640625,anonymous,EN,"4,5,6,7,8,9",Emma,,,,,,,,,,,,,,,,,,,,,,,,,,,,,,,,,,,,,,,1,1,1,2,0,0,51.168,0,4,4,,,"1,2",1,1,1,2,0,0,44.136,0,1,7,,,1,,,,,1,7,7,7,40,2,,4,1
2020-01-24 20:19:10,2020-01-24 20:24:59,0,68.179.240.85,100,348,1,2020-01-24 20:24:59,R_3p46rkDDkwiNJF9,,,,,35.6027069091796875,-92.274200439453125,anonymous,EN,"4,5,6,7,8,9",,,Ava,,,1,1,1,2,0,0,43.587,0,7,7,,,"1,2",1,1,1,2,0,0,71.417,0,2,6,,,1,7,7,1,7,,,,,,,,,,,,,,,,,,,,,,,,,,,,,,,,,,,,,,,52,1,,1,1
2020-01-24 20:12:18,2020-01-24 20:25:35,0,131.100.2.107,100,797,1,2020-01-24 20:25:36,R_3imxQk6qjRl35Ka,,,,,21.30670166015625,-157.855804443359375,anonymous,EN,"4,5,6,7,8,9",,Benjamin,,,,,,,,,,,,,,,,,,,,,,,,,,,,,,,,,,,,,,1,1,1,1,0,0,77.249,0,,,1,1,"1,2",1,1,1,1,0,0,50.421,0,,,7,1,1,7,7,1,7,,,,,25,2,"Interesting survey ",3,2
2020-01-24 20:25:23,2020-01-24 20:25:51,0,117.213.39.225,100,27,1,2020-01-24 20:25:51,R_2n1tXjcAfDf1x4t,,,,,8.1790008544921875,77.43231201171875,anonymous,EN,"4,5,6,7,8,9",,,,AMELIA,,,,,,,,,,,,,,,,,,,,,,,,,,,,,,,,,,,,,,,,,,,,,,,,,,,,,,,,,,,,,,,,,,,,,,,,,,
2020-01-24 20:06:52,2020-01-24 20:27:45,0,71.12.157.234,100,1252,1,2020-01-24 20:27:45,R_2RNQ9Zo8Pzx4Tvt,,,,,33.02490234375,-84.95770263671875,anonymous,EN,"4,5,6,7,8,9",Emma,,,,,,,,,,,,,,,,,,,,,,,,,,,,,,,,,,,,,,,1,1,1,2,21.758,22.826,80.209,2,,,7,7,"1,2",1,1,1,2,0,0,87.845,0,,,7,5,1,,,,,5,7,7,7,29,1,,4,2
2020-01-24 20:19:24,2020-01-24 20:27:59,0,187.62.50.201,100,515,1,2020-01-24 20:28:00,R_DduiYl8aWCGCyaZ,,,,,-23.310302734375,-51.1627960205078125,anonymous,EN,"4,5,6,7,8,9",,,Ava,,,,,,,,,,,,,,,,,,,,,,,,,,,,,,,,,,,,,1,1,1,2,65.706,109.543,109.901,3,4,4,,,"1,2",1,1,1,2,146.447,169.153,169.439,3,4,4,,,1,,,,,4,4,4,4,27,1,,4,1
2020-01-24 20:18:33,2020-01-24 20:28:42,0,68.7.221.24,100,609,1,2020-01-24 20:28:42,R_24jYWYFUPHn2qtW,,,,,32.791595458984375,-116.97100067138671875,anonymous,EN,"4,5,6,7,8,9",,,Ava,,,1,1,1,2,0,0,76.385,0,4,4,,,"1,2",1,1,1,2,0,0,44.504,0,2,6,,,1,7,7,2,6,,,,,,,,,,,,,,,,,,,,,,,,,,,,,,,,,,,,,,,33,1,,1,1
2020-01-24 20:19:57,2020-01-24 20:29:31,0,66.30.160.27,100,574,1,2020-01-24 20:29:32,R_2xSplgvoHceW7VC,,,,,42.033599853515625,-70.94950103759765625,anonymous,EN,"4,5,6,7,8,9",,,,Noah,,,,,,,,,,,,,,,,,,,,,,,,,,,,,,,,,,,,1,1,1,2,5.31,40.126,68.415,7,,,5,5,"1,2",1,1,1,2,1.337,43.677,45.708,5,,,6,3,1,5,5,2,5,,,,,33,1,,3,2
2020-01-24 20:26:57,2020-01-24 20:32:51,0,177.97.199.37,100,353,1,2020-01-24 20:32:52,R_3DeaB9MXIrssJMc,,,,,-19.8975067138671875,-43.962493896484375,anonymous,EN,"4,5,6,7,8,9",,,,Noah,,2,2,2,2,0,0,44.231,0,4,4,,,1,1,1,1,2,28.231,29.257,82.725,2,7,7,,,1,7,7,7,7,,,,,,,,,,,,,,,,,,,,,,,,,,,,,,,,,,,,,,,18,1,,1,1
2020-01-24 20:28:49,2020-01-24 20:34:00,0,173.49.1.214,100,311,1,2020-01-24 20:34:01,R_ZeISuiTgPVcE50J,,,,,39.92059326171875,-75.1826019287109375,anonymous,EN,"4,5,6,7,8,9",,Benjamin,,,,,,,,,,,,,,,,,,,,,,,,,,,,,,,,,,,,,,1,1,1,2,0,0,50.565,0,5,5,,,1,1,1,1,2,0,0,43.47,0,6,6,,,1,4,4,3,6,,,,,39,2,"The first video didn't load, but the survey advanced after a minute.",3,1
2020-01-24 20:26:14,2020-01-24 20:36:31,0,209.129.119.10,100,616,1,2020-01-24 20:36:31,R_28IHV8lx7eltydR,,,,,39.1060943603515625,-121.61589813232421875,anonymous,EN,"4,5,6,7,8,9",,,,,James,1,1,1,2,0,0,44.427,0,,,1,1,"1,2",1,1,1,2,29.1,32.16,50.565,2,,,1,7,1,,,,,1,7,7,7,,,,,,,,,,,,,,,,,,,,,,,,,,,,,,,,,,,36,2,,2,2
2020-01-24 20:24:26,2020-01-24 20:37:12,0,117.213.39.225,100,765,1,2020-01-24 20:37:12,R_12fq7ujyPzTOev3,,,,,8.1790008544921875,77.43231201171875,anonymous,EN,"4,5,6,7,8,9",,,,,JAMES,1,1,1,2,0,0,133.559,0,7,7,,,"1,2",1,1,1,2,0,0,103.169,0,1,7,,,1,,,,,5,6,5,6,,,,,,,,,,,,,,,,,,,,,,,,,,,,,,,,,,,23,1,NICE,2,1
2020-01-24 20:30:42,2020-01-24 20:37:46,0,96.11.217.115,100,424,1,2020-01-24 20:37:47,R_1QuNiCLjIwR75LF,,,,,38.0012054443359375,-84.532501220703125,anonymous,EN,"4,5,6,7,8,9",,,,,James,1,1,1,2,0,0,43.282,0,,,7,7,"1,2",1,1,1,2,0,0,42.095,0,,,7,5,1,4,4,2,7,,,,,,,,,,,,,,,,,,,,,,,,,,,,,,,,,,,,,,,43,2,,1,2
2020-01-24 20:25:09,2020-01-24 20:39:25,0,117.213.33.88,100,855,1,2020-01-24 20:39:25,R_3en3xWlDpNRGAOB,,,,,8.1790008544921875,77.43231201171875,anonymous,EN,"4,5,6,7,8,9",,,,,James,1,1,1,2,0,0,166.843,0,,,6,7,"1,2",1,1,1,2,0,0,402.901,0,,,6,7,1,6,7,6,7,,,,,,,,,,,,,,,,,,,,,,,,,,,,,,,,,,,,,,,24,2,NICE,1,2
2020-01-24 20:23:33,2020-01-24 20:41:19,0,187.120.24.40,100,1065,1,2020-01-24 20:41:19,R_2xSg7rkBdBdVJPG,,,,,-22.7169952392578125,-43.57220458984375,anonymous,EN,"4,5,6,7,8,9",,Benjamin,,,,,,,,,,,,,,,,,,,,,,,,,,,,,,,,,,,,,,1,1,1,2,0,0,157.59,0,,,1,1,"1,2",1,1,1,2,44.474,44.474,44.808,1,,,7,1,1,7,7,1,7,,,,,29,1,,3,2
2020-01-24 20:34:25,2020-01-24 20:41:40,0,117.213.33.88,100,434,1,2020-01-24 20:41:41,R_2R9u1MrFD0i25xf,,,,,8.1790008544921875,77.43231201171875,anonymous,EN,"4,5,6,7,8,9",,Benjamin,,,,1,1,1,2,0,0,131.712,0,6,6,,,"1,2",1,1,1,2,0,0,112.658,0,4,6,,,1,,,,,6,6,6,6,,,,,,,,,,,,,,,,,,,,,,,,,,,,,,,,,,,25,1,Nice,2,1
2020-01-24 20:38:04,2020-01-24 20:44:07,0,46.12.34.103,100,363,1,2020-01-24 20:44:07,R_32LYwt6zgmhwuJp,,,,,40.6381072998046875,22.94549560546875,anonymous,EN,"4,5,6,7,8,9",,,,Noah,,2,1,1,2,0,0,46.349,0,,,5,5,"1,2",1,1,1,2,0,0,45.041,0,,,7,5,1,7,7,1,7,,,,,,,,,,,,,,,,,,,,,,,,,,,,,,,,,,,,,,,42,1,,1,2
2020-01-24 20:24:09,2020-01-24 20:45:45,0,131.93.86.118,100,1296,1,2020-01-24 20:45:45,R_1N5oXw8erYl0fzr,,,,,43.801300048828125,-91.21340179443359375,anonymous,EN,"4,5,6,7,8,9",,,,,James,,,,,,,,,,,,,,,,,,,,,,,,,,,,,,,,,,,2,2,2,2,130.283,130.283,130.475,1,6,6,,,"1,2",1,1,1,2,0,0,457.432,0,5,5,,,"1,2",,,,,6,6,4,5,22,1,,4,1
2020-01-24 20:11:46,2020-01-24 20:49:08,0,202.53.6.36,100,2242,1,2020-01-24 20:49:08,R_3kuAQkK2H8PlaaF,,,,,9.91900634765625,78.1195068359375,anonymous,EN,"4,5,6,7,8,9",,,Ava,,,2,1,1,1,0,0,101.859,0,5,3,,,1,2,1,2,1,0,0,68.795,0,4,3,,,1,4,3,4,5,,,,,,,,,,,,,,,,,,,,,,,,,,,,,,,,,,,,,,,33,1,"good ",1,1
2020-01-24 20:58:29,2020-01-24 20:58:47,0,117.213.33.62,100,17,1,2020-01-24 20:58:47,R_2dPXxy1n1d9COA5,,,,,8.1790008544921875,77.43231201171875,anonymous,EN,"4,5,6,7,8,9",,,ava,,,,,,,,,,,,,,,,,,,,,,,,,,,,,,,,,,,,,,,,,,,,,,,,,,,,,,,,,,,,,,,,,,,,,,,,,,,
2020-01-24 20:53:18,2020-01-24 20:59:28,0,201.17.157.55,100,370,1,2020-01-24 20:59:29,R_3lKYakeszh03hUB,,,,,-19.8975067138671875,-43.962493896484375,anonymous,EN,"4,5,6,7,8,9",Emma,,,,,1,1,1,2,22.661,42.077,42.3,19,,,4,4,"1,2",1,1,1,2,8.236,8.236,44.838,1,,,7,1,2,,,,,4,7,7,7,,,,,,,,,,,,,,,,,,,,,,,,,,,,,,,,,,,24,1,,2,2
2020-01-24 20:42:11,2020-01-24 21:03:17,0,73.44.201.72,100,1266,1,2020-01-24 21:03:17,R_12FibzHsmANUXb6,,,,,41.8094940185546875,-87.65219879150390625,anonymous,EN,"4,5,6,7,8,9",,,,,James,,,,,,,,,,,,,,,,,,,,,,,,,,,,,,,,,,,1,1,1,2,0,0,81.795,0,7,7,,,"1,2",1,1,1,2,0,0,46.939,0,2,5,,,1,,,,,1,7,7,7,34,1,,4,1
2020-01-24 20:57:51,2020-01-24 21:05:06,0,24.59.247.164,100,435,1,2020-01-24 21:05:07,R_3iLnHXXAiSZPdZr,,,,,43.21429443359375,-77.93920135498046875,anonymous,EN,"4,5,6,7,8,9",,Benjamin,,,,,,,,,,,,,,,,,,,,,,,,,,,,,,,,,,,,,,1,1,1,2,0,0,55.069,0,7,7,,,"1,2",1,1,1,2,0,0,45.539,0,7,7,,,1,7,7,1,7,,,,,51,2,Enjoyable!,3,1
2020-01-24 21:04:49,2020-01-24 21:05:29,0,201.37.85.150,100,40,1,2020-01-24 21:05:29,R_TqkKZFO18NZyGiZ,,,,,-29.9228057861328125,-51.1743927001953125,anonymous,EN,"4,5,6,7,8,9",about climate,,,,,,,,,,,,,,,,,,,,,,,,,,,,,,,,,,,,,,,,,,,,,,,,,,,,,,,,,,,,,,,,,,,,,,,,,,,,,
2020-01-24 20:59:19,2020-01-24 21:06:44,0,199.34.4.20,100,445,1,2020-01-24 21:06:45,R_3PwcRUht8kIspSF,,,,,36.1670989990234375,-86.786102294921875,anonymous,EN,"4,5,6,7,8,9",,,,,James,,,,,,,,,,,,,,,,,,,,,,,,,,,,,,,,,,,1,1,1,2,70.861,70.861,71.891,1,4,5,,,2,1,1,1,2,0,0,176.783,0,7,2,,,1,5,5,2,5,,,,,47,2,,3,1
2020-01-24 20:58:54,2020-01-24 21:07:33,0,117.213.33.62,100,518,1,2020-01-24 21:07:33,R_UgvX4iDlOwqC8MN,,,,,8.1790008544921875,77.43231201171875,anonymous,EN,"4,5,6,7,8,9",,,,Noah,,1,1,1,2,0,0,111.768,0,,,7,7,"1,2",1,1,1,2,0,0,222.564,0,,,7,1,1,,,,,4,6,5,6,,,,,,,,,,,,,,,,,,,,,,,,,,,,,,,,,,,23,1,nice,2,2
2020-01-24 20:45:12,2020-01-24 21:08:18,0,67.21.32.77,100,1386,1,2020-01-24 21:08:18,R_3pgK9kN6v9zesEP,,,,,35.2368927001953125,-80.89569854736328125,anonymous,EN,"4,5,6,7,8,9",,Benjamin,,,,1,1,1,2,0,0,97.521,0,5,5,,,"1,2",1,1,1,2,0,0,46.714,0,5,5,,,1,3,7,2,7,,,,,,,,,,,,,,,,,,,,,,,,,,,,,,,,,,,,,,,35,2,,1,1
2020-01-24 21:09:08,2020-01-24 21:10:02,0,122.164.68.164,100,54,1,2020-01-24 21:10:03,R_2YXOwKWwwiATqpK,,,,,13.08599853515625,80.27508544921875,anonymous,EN,"4,5,6,7,8,9",yes,,,,,,,,,,,,,,,,,,,,,,,,,,,,,,,,,,,,,,,,,,,,,,,,,,,,,,,,,,,,,,,,,,,,,,,,,,,,,
2020-01-24 21:10:28,2020-01-24 21:15:12,0,117.217.214.134,100,283,1,2020-01-24 21:15:12,R_3qqzQsYBV2rngwO,,,,,8.1790008544921875,77.43231201171875,anonymous,EN,"4,5,6,7,8,9",,,,,James,1,1,1,2,0,0,82.144,0,,,6,7,"1,2",1,1,1,2,0,0,95.971,0,,,6,7,1,,,,,7,6,6,7,,,,,,,,,,,,,,,,,,,,,,,,,,,,,,,,,,,24,1,nice,2,2
2020-01-24 21:07:16,2020-01-24 21:17:11,0,107.150.31.72,100,594,1,2020-01-24 21:17:11,R_1OZks8p6WS5JemA,,,,,33.7552947998046875,-84.38860321044921875,anonymous,EN,"4,5,6,7,8,9",,,Ava,,,,,,,,,,,,,,,,,,,,,,,,,,,,,,,,,,,,,1,1,1,2,0,0,63.193,0,4,6,,,"1,2",1,1,1,2,0,0,64.471,0,4,6,,,1,,,,,5,6,6,5,29,1,"No suggestions ",4,1
2020-01-24 21:31:46,2020-01-24 21:42:47,0,71.203.132.231,100,660,1,2020-01-24 21:42:47,R_25XcdksMYhKVCfC,,,,,30.2711944580078125,-81.752899169921875,anonymous,EN,"4,5,6,7,8,9",,,,Noah,,,,,,,,,,,,,,,,,,,,,,,,,,,,,,,,,,,,1,1,1,2,0,0,69.356,0,,,6,6,"1,2",1,1,1,2,0,0,63.769,0,,,7,1,1,7,7,1,7,,,,,38,2,I loved the survey! It was very interesting and engaging.,3,2
2020-01-24 21:44:03,2020-01-24 21:51:20,0,71.115.13.60,100,437,1,2020-01-24 21:51:20,R_1Dp81OyibxncisI,,,,,37.430999755859375,-77.65540313720703125,anonymous,EN,"4,5,6,7,8,9",,,,,James,1,1,1,2,23.937,74.19,75.206,2,4,4,,,"1,2",1,1,1,2,70.2,70.2,71.1,1,2,6,,,2,7,7,1,7,,,,,,,,,,,,,,,,,,,,,,,,,,,,,,,,,,,,,,,45,1,,1,1
2020-01-24 22:40:52,2020-01-24 22:45:17,0,27.57.29.104,100,264,1,2020-01-24 22:45:17,R_1gA2ajbhddlTSxZ,,,,,13.08599853515625,80.27508544921875,anonymous,EN,"4,5,6,7,8,9",,,Ava,,,1,1,1,2,0,0,48.826,0,7,7,,,"1,2",1,1,1,2,0,0,54.318,0,1,7,,,2,7,7,1,7,,,,,,,,,,,,,,,,,,,,,,,,,,,,,,,,,,,,,,,27,2,,1,1
2020-01-24 22:43:33,2020-01-24 22:49:26,0,108.21.218.118,100,353,1,2020-01-24 22:49:27,R_ypU59MdCWZDOtOh,,,,,40.7599945068359375,-73.53179931640625,anonymous,EN,"4,5,6,7,8,9",,,,,James,1,1,1,2,0,0,45.825,0,,,6,6,"1,2",1,1,1,2,0,0,77.185,0,,,7,5,1,,,,,1,7,7,7,,,,,,,,,,,,,,,,,,,,,,,,,,,,,,,,,,,23,1,First video was quite laggy and took longer to play than the second one.,2,2
2020-01-24 23:56:06,2020-01-25 00:01:56,0,122.164.76.127,100,349,1,2020-01-25 00:01:57,R_26hkpSe94aXCOs8,,,,,13.08599853515625,80.27508544921875,anonymous,EN,"4,5,6,7,8,9",Emma,,,,,,,,,,,,,,,,,,,,,,,,,,,,,,,,,,,,,,,1,1,2,1,0,0,69.299,0,,,3,5,1,1,1,2,2,0,0,153.814,0,,,3,5,"1,2",,,,,3,5,3,6,27,1,nothing,4,2
2020-01-24 23:59:22,2020-01-25 00:05:05,0,122.164.25.116,100,343,1,2020-01-25 00:05:06,R_1DU3v2tK2m3cl2W,,,,,13.08599853515625,80.27508544921875,anonymous,EN,"4,5,6,7,8,9",,," (case sensitive)",,,,,,,,,,,,,,,,,,,,,,,,,,,,,,,,,,,,,,,,,,,,,,,,,,,,,,,,,,,,,,,,,,,,,,,,,,,
2020-01-25 00:10:52,2020-01-25 00:17:51,0,122.164.236.219,100,419,1,2020-01-25 00:17:52,R_ZCvElHzWlvkIsnv,,,,,13.08599853515625,80.27508544921875,anonymous,EN,"4,5,6,7,8,9",,Benjamin,,,,,,,,,,,,,,,,,,,,,,,,,,,,,,,,,,,,,,1,1,2,2,0,0,189.974,0,,,4,6,1,1,1,2,1,0,0,48.264,0,,,4,6,"1,2",5,5,4,6,,,,,27,1,NOTHING,3,2
2020-01-25 00:05:39,2020-01-25 00:21:20,0,122.164.25.116,100,941,1,2020-01-25 00:21:21,R_22Kt3eTKO8x14e1,,,,,13.08599853515625,80.27508544921875,anonymous,EN,"4,5,6,7,8,9",,,Ava,,,1,2,2,1,0,0,59.702,0,3,3,,,1,1,2,1,1,0,0,287.446,0,3,5,,,1,,,,,2,4,3,5,,,,,,,,,,,,,,,,,,,,,,,,,,,,,,,,,,,27,1,NOTHING,2,1
2020-01-25 00:21:08,2020-01-25 00:22:46,0,122.164.220.136,100,97,1,2020-01-25 00:22:46,R_2SBK5QFvLtMCAf8,,,,,13.08599853515625,80.27508544921875,anonymous,EN,"4,5,6,7,8,9",,,,NOAH,,,,,,,,,,,,,,,,,,,,,,,,,,,,,,,,,,,,,,,,,,,,,,,,,,,,,,,,,,,,,,,,,,,,,,,,,,
2020-01-25 00:22:53,2020-01-25 00:24:33,0,122.164.220.136,100,100,1,2020-01-25 00:24:34,R_XXqogbGNUdyWubf,,,,,13.08599853515625,80.27508544921875,anonymous,EN,"4,5,6,7,8,9",,,,"It's a beautiful day, isn't it?",,,,,,,,,,,,,,,,,,,,,,,,,,,,,,,,,,,,,,,,,,,,,,,,,,,,,,,,,,,,,,,,,,,,,,,,,,
2020-01-25 00:21:07,2020-01-25 00:31:58,0,157.51.250.114,100,650,1,2020-01-25 00:31:59,R_1mQuzPCAQ2uS8Fo,,,,,13.08599853515625,80.27508544921875,anonymous,EN,"4,5,6,7,8,9",emma,,,,,,,,,,,,,,,,,,,,,,,,,,,,,,,,,,,,,,,,,,,,,,,,,,,,,,,,,,,,,,,,,,,,,,,,,,,,,
2020-01-25 00:24:36,2020-01-25 00:35:30,0,122.164.220.136,100,653,1,2020-01-25 00:35:30,R_erqlWzsx9tgzYCR,,,,,13.08599853515625,80.27508544921875,anonymous,EN,"4,5,6,7,8,9",,,,Noah,,1,1,1,2,0,0,60.31,0,6,6,,,"1,2",1,1,1,2,0,0,48.233,0,7,4,,,1,7,7,7,7,,,,,,,,,,,,,,,,,,,,,,,,,,,,,,,,,,,,,,,27,1,nothing,1,1
2020-01-25 00:34:51,2020-01-25 00:41:25,0,157.51.254.145,100,394,1,2020-01-25 00:41:26,R_3M3xBKAdHl1ebNm,,,,,13.08599853515625,80.27508544921875,anonymous,EN,"4,5,6,7,8,9",,,Ava,,,1,1,1,2,0,0,47.313,0,6,5,,,"1,2",1,1,1,2,63.477,64.468,79.903,3,6,6,,,"1,2",6,7,7,6,,,,,,,,,,,,,,,,,,,,,,,,,,,,,,,,,,,,,,,25,1,No issues.this survey are good and different experience,1,1
2020-01-25 00:29:59,2020-01-25 00:44:14,0,71.116.60.183,100,855,1,2020-01-25 00:44:14,R_2zuTcWnONVdeinL,,,,,40.4441986083984375,-79.9557037353515625,anonymous,EN,"4,5,6,7,8,9",,Benjamin,,,,1,1,1,2,0,0,115.244,0,,,5,5,"1,2",1,1,1,2,51.565,51.565,55.654,1,,,6,3,1,,,,,1,6,6,6,,,,,,,,,,,,,,,,,,,,,,,,,,,,,,,,,,,28,2,"The second video lagged with loading, but other than that no issues. Thanks.",2,2
2020-01-25 00:43:51,2020-01-25 00:49:30,0,107.77.203.219,100,339,1,2020-01-25 00:49:31,R_3noQFu2rbo5cUrx,,,,,38.917205810546875,-77.07089996337890625,anonymous,EN,"4,5,6,7,8,9",Emma,,,,,,,,,,,,,,,,,,,,,,,,,,,,,,,,,,,,,,,1,1,1,2,9.088,53.965,55.799,31,,,7,7,"1,2",1,1,1,2,11.438,18.877,102.098,8,,,1,6,1,,,,,1,7,7,7,46,2,"No suggestions. Thank you ",4,2
2020-01-25 00:56:46,2020-01-25 01:03:42,0,104.11.61.83,100,415,1,2020-01-25 01:03:43,R_WjMys8PQGK5WI1P,,,,,37.920806884765625,-122.0182037353515625,anonymous,EN,"4,5,6,7,8,9",,,,Noah,,1,1,1,2,2.513,47.473,48.375,3,5,5,,,"1,2",1,1,1,2,90.641,90.641,92.357,1,5,6,,,1,7,7,1,7,,,,,,,,,,,,,,,,,,,,,,,,,,,,,,,,,,,,,,,53,1,Thanks for the opportunity to participate and good luck with your research!,1,1
2020-01-25 03:16:03,2020-01-25 04:28:57,0,180.190.114.177,100,4374,1,2020-01-25 04:28:57,R_2CqaPqBSpqPpO7Q,,,,,14.5612945556640625,121.06298828125,anonymous,EN,"4,5,6,7,8,9",,,Ava,,,,,,,,,,,,,,,,,,,,,,,,,,,,,,,,,,,,,1,1,1,2,13.345,37.925,2140.657,6,,,7,7,"1,2",1,1,1,2,0,0,168.362,0,,,7,2,1,7,7,7,7,,,,,24,1,The videos took a while to load. I have normal internet itself. Probably use a youtube link in the survey next time. They have better servers I think.,3,2
2020-01-25 05:25:50,2020-01-25 05:28:38,0,65.49.126.180,100,168,1,2020-01-25 05:28:39,R_3PyI7udpQaHrFKJ,,,,,37.5625,-122.000396728515625,anonymous,EN,"4,5,6,7,8,9",,,ava,,,,,,,,,,,,,,,,,,,,,,,,,,,,,,,,,,,,,,,,,,,,,,,,,,,,,,,,,,,,,,,,,,,,,,,,,,,
2020-01-25 08:34:18,2020-01-25 08:44:27,0,96.35.55.16,100,608,1,2020-01-25 08:44:27,R_2WVb6UCSebMOrDb,,,,,38.575897216796875,-90.51670074462890625,anonymous,EN,"4,5,6,7,8,9",,,,,James,1,1,1,2,42.827,42.827,44.001,1,7,7,,,"1,2",1,1,1,2,52.89,52.89,54.09,1,4,6,,,1,7,5,2,3,,,,,,,,,,,,,,,,,,,,,,,,,,,,,,,,,,,,,,,31,2,,1,1
2020-01-24 18:18:45,2020-01-24 18:22:05,0,174.134.172.41,29,200,0,2020-01-31 18:22:06,R_vdlMJSiZWK0UR4l,,,,,,,anonymous,EN,"4,5,6,7,8,9",Emma,,,,,,,,,,,,,,,,,,,,,,,,,,,,,,,,,,,,,,,,,,,,,,,,,,,,,,,,,,,,,,,,,,,,,,,,,,,,2,2
2020-01-24 18:24:04,2020-01-24 18:24:17,0,68.35.63.0,1,12,0,2020-01-31 18:24:19,R_26lFJBjZUI62HX1,,,,,,,anonymous,EN,,,,,,,,,,,,,,,,,,,,,,,,,,,,,,,,,,,,,,,,,,,,,,,,,,,,,,,,,,,,,,,,,,,,,,,,,,,,,,,
2020-01-24 18:23:22,2020-01-24 18:24:15,0,47.39.22.254,6,53,0,2020-01-31 18:24:47,R_2U64Op5r46bDwzC,,,,,,,anonymous,EN,"4,5,6,7,8,9",,Benjamin,,,,,,,,,,,,,,,,,,,,,,,,,,,,,,,,,,,,,,,,,,,,,,,,,,,,,,,,,,,,,,,,,,,,,,,,,,,1,2
2020-01-24 18:21:24,2020-01-24 18:26:04,0,47.223.57.89,88,280,0,2020-01-31 18:26:17,R_qQJsQlAtYWMjmXn,,,,,,,anonymous,EN,"4,5,6,7,8,9",,,,Noah,,,,,,,,,,,,,,,,,,,,,,,,,,,,,,,,,,,,1,1,1,2,,,,,,,,,,1,1,1,2,0,0,114.748,0,1,6,,,2,,,,,,,,,,,,4,1
2020-01-24 18:25:35,2020-01-24 18:30:25,0,74.189.20.197,88,289,0,2020-01-31 18:30:33,R_32US4OYebP61Nvw,,,,,,,anonymous,EN,"4,5,6,7,8,9",,Benjamin,,,,,,,,,,,,,,,,,,,,,,,,,,,,,,,,,,,,,,1,1,1,2,,,,,,,,,,1,1,1,2,8.891,8.891,50.636,1,,,4,4,1,,,,,,,,,,,,4,2
2020-01-24 18:31:08,2020-01-24 18:33:34,0,107.204.153.60,55,145,0,2020-01-31 18:33:35,R_pT3xCkmFxN0mDjX,,,,,,,anonymous,EN,"4,5,6,7,8,9",,,Ava,,,,,,,,,,,,,,,,,,,,,,,,,,,,,,,,,,,,,1,1,1,1,,,,,,,,,,,,,,,,,,,,,,,,,,,,,,,,,,3,2
2020-01-24 18:26:46,2020-01-24 18:34:04,0,61.2.33.147,75,438,0,2020-01-31 18:34:39,R_1oCq0NQ0K9RO3mi,,,,,,,anonymous,EN,"4,5,6,7,8,9",Emma,,,,,,,,,,,,,,,,,,,,,,,,,,,,,,,,,,,,,,,,,,,,,,,,,,,,,,,,,,,,,,,,,,,,,,,,,,,,4,2
2020-01-24 18:34:24,2020-01-24 18:35:22,0,220.158.140.33,1,58,0,2020-01-31 18:35:43,R_2qEpp5gp0oAEyuZ,,,,,,,anonymous,EN,,,,,,,,,,,,,,,,,,,,,,,,,,,,,,,,,,,,,,,,,,,,,,,,,,,,,,,,,,,,,,,,,,,,,,,,,,,,,,,
2020-01-24 18:32:07,2020-01-24 18:36:15,0,103.114.211.106,1,247,0,2020-01-31 18:36:53,R_2YxF2GTEouAUhIM,,,,,,,anonymous,EN,,,,,,,,,,,,,,,,,,,,,,,,,,,,,,,,,,,,,,,,,,,,,,,,,,,,,,,,,,,,,,,,,,,,,,,,,,,,,,,
2020-01-24 18:40:44,2020-01-24 18:42:15,0,117.201.11.4,52,90,0,2020-01-31 18:43:08,R_3EyxNdNI1L2KQE2,,,,,,,anonymous,EN,"4,5,6,7,8,9",,,,Noah,,,,,,,,,,,,,,,,,,,,,,,,,,,,,,,,,,,,,,,,,,,,,,,,,,,,,,,,,,,,,,,,,,,,,,,,,3,1
2020-01-24 18:33:31,2020-01-24 18:44:39,0,67.176.76.48,99,668,0,2020-01-31 18:44:43,R_3PzD7FBtW7eSpLo,,,,,,,anonymous,EN,"4,5,6,7,8,9",Emma,,,,,,,,,,,,,,,,,,,,,,,,,,,,,,,,,,,,,,,1,1,1,1,0,0,70.975,0,5,5,,,"1,2",1,1,1,2,0,0,46.388,0,3,6,,,2,,,,,2,2,2,2,26,2,,4,1
2020-01-24 18:37:47,2020-01-24 18:45:02,0,68.96.169.162,32,435,0,2020-01-31 18:46:05,R_2YsHX7E5mC4GzfQ,,,,,,,anonymous,EN,"4,5,6,7,8,9",,,Ava,,,,,,,,,,,,,,,,1,2,2,1,,,,,,,,,,,,,,,,,,,,,,,,,,,,,,,,,,,,,,,,,,,,,,,,,,,,,,,2,1
2020-01-24 18:46:05,2020-01-24 18:47:15,0,157.51.252.163,2,70,0,2020-01-31 18:47:29,R_1N3oCPbkEo3MU5e,,,,,,,anonymous,EN,"4,5,6,7,8,9",,,,,,,,,,,,,,,,,,,,,,,,,,,,,,,,,,,,,,,,,,,,,,,,,,,,,,,,,,,,,,,,,,,,,,,,,,,,,,
2020-01-24 18:42:07,2020-01-24 18:48:18,0,122.174.141.86,1,371,0,2020-01-31 18:48:36,R_5oMcTqMszvFpFxn,,,,,,,anonymous,EN,,,,,,,,,,,,,,,,,,,,,,,,,,,,,,,,,,,,,,,,,,,,,,,,,,,,,,,,,,,,,,,,,,,,,,,,,,,,,,,
2020-01-24 18:47:17,2020-01-24 18:48:35,0,122.174.141.52,1,77,0,2020-01-31 18:48:37,R_2ygt3JJsvJarFD7,,,,,,,anonymous,EN,,,,,,,,,,,,,,,,,,,,,,,,,,,,,,,,,,,,,,,,,,,,,,,,,,,,,,,,,,,,,,,,,,,,,,,,,,,,,,,
2020-01-24 18:48:07,2020-01-24 18:50:04,0,61.2.33.147,55,117,0,2020-01-31 18:50:42,R_XzUhz3Wzp2fwwa5,,,,,,,anonymous,EN,"4,5,6,7,8,9",,,Ava,,,,,,,,,,,,,,,,,,,,,,,,,,,,,,,,,,,,,1,1,1,2,,,,,,,,,,,,,,,,,,,,,,,,,,,,,,,,,,3,2
2020-01-24 18:23:32,2020-01-24 18:53:08,0,99.75.53.174,75,1775,0,2020-01-31 18:53:11,R_1gjfhtiZYbAUaLt,,,,,,,anonymous,EN,"4,5,6,7,8,9",,Benjamin,,,,,,,,,,,,,,,,,,,,,,,,,,,,,,,,,,,,,,,,,,,,,,,,,,,,,,,,,,,,,,,,,,,,,,,,,,,4,1
2020-01-24 18:51:46,2020-01-24 18:52:47,0,24.5.217.12,29,61,0,2020-01-31 18:53:29,R_2QDmpdI7zNRAQQb,,,,,,,anonymous,EN,"4,5,6,7,8,9",,Benjamin,,,,,,,,,,,,,,,,,,,,,,,,,,,,,,,,,,,,,,,,,,,,,,,,,,,,,,,,,,,,,,,,,,,,,,,,,,,2,2
2020-01-24 18:50:13,2020-01-24 18:55:32,0,61.2.34.128,88,318,0,2020-01-31 18:56:03,R_x2TyjwGObeSPbCV,,,,,,,anonymous,EN,"4,5,6,7,8,9",,Benjamin,,,,,,,,,,,,,,,,,,,,,,,,,,,,,,,,,,,,,,1,1,1,2,,,,,,,,,,1,1,1,2,0,0,144.547,0,,,5,7,1,,,,,,,,,,,,4,2
2020-01-24 18:54:15,2020-01-24 18:58:12,0,103.99.150.225,29,236,0,2020-01-31 18:58:32,R_4ONGap5m5p9EvPr,,,,,,,anonymous,EN,"4,5,6,7,8,9",,,,,James,,,,,,,,,,,,,,,,,,,,,,,,,,,,,,,,,,,,,,,,,,,,,,,,,,,,,,,,,,,,,,,,,,,,,,,,2,1
2020-01-24 18:54:53,2020-01-24 18:58:50,0,209.217.123.194,99,236,0,2020-01-31 18:58:58,R_3fBOtRJ8iwwxVjE,,,,,,,anonymous,EN,"4,5,6,7,8,9",,,,,James,,,,,,,,,,,,,,,,,,,,,,,,,,,,,,,,,,,1,1,1,2,25.14,52.5,53.212,2,5,5,,,"1,2",1,1,1,2,0,0,55.478,0,5,6,,,1,5,5,2,6,,,,,22,1,,3,1
2020-01-24 19:00:50,2020-01-24 19:28:27,0,117.213.35.178,73,1657,0,2020-01-31 19:28:28,R_2YbHmm0hiEHApDz,,,,,,,anonymous,EN,"4,5,6,7,8,9",,Benjamin,,,,,,,,,,,,,,,,,,,,,,,,,,,,,,,,,,,,,,1,1,1,2,0,0,334.985,0,4,4,,,"1,2",1,1,1,2,0,0,328.331,0,5,7,,,1,4,5,,,,,,,,,,3,1
2020-01-24 19:27:13,2020-01-24 19:28:26,0,35.138.250.176,55,72,0,2020-01-31 19:28:31,R_1eKMsV600TX37OC,,,,,,,anonymous,EN,"4,5,6,7,8,9",,,Ava,,,,,,,,,,,,,,,,,,,,,,,,,,,,,,,,,,,,,1,1,1,2,,,,,,,,,,,,,,,,,,,,,,,,,,,,,,,,,,3,1
2020-01-24 19:33:08,2020-01-24 19:33:32,0,73.135.76.176,29,23,0,2020-01-31 19:33:48,R_2RWkTANAlRsbbS8,,,,,,,anonymous,EN,"4,5,6,7,8,9",Emma,,,,,,,,,,,,,,,,,,,,,,,,,,,,,,,,,,,,,,,,,,,,,,,,,,,,,,,,,,,,,,,,,,,,,,,,,,,,2,2
2020-01-24 19:32:39,2020-01-24 19:43:01,0,103.91.85.99,99,621,0,2020-01-31 19:43:30,R_1DLPTyIXi8p6Q6U,,,,,,,anonymous,EN,"4,5,6,7,8,9",,,,,NO,1,1,1,1,0,0,51.624,0,,,6,6,"1,2",1,1,1,1,0,0,47.034,0,,,6,2,"1,2",6,5,6,2,,,,,,,,,,,,,,,,,,,,,,,,,,,,,,,,,,,,,,,45,2,GOOD,1,2
2020-01-24 19:46:03,2020-01-24 19:47:05,0,76.106.227.192,29,62,0,2020-01-31 19:47:09,R_3Gv2wrxCZ6hc3tT,,,,,,,anonymous,EN,"4,5,6,7,8,9",,,,Noah,,,,,,,,,,,,,,,,,,,,,,,,,,,,,,,,,,,,,,,,,,,,,,,,,,,,,,,,,,,,,,,,,,,,,,,,,2,1
2020-01-24 19:53:32,2020-01-24 19:59:58,0,184.6.97.146,99,386,0,2020-01-31 20:00:30,R_tSuo2iwnUU41DcB,,,,,,,anonymous,EN,"4,5,6,7,8,9",,,Ava,,,1,1,1,2,67.181,67.181,69.416,1,4,4,,,"1,2",1,1,1,2,72.241,72.241,76.116,1,3,5,,,1,7,7,1,7,,,,,,,,,,,,,,,,,,,,,,,,,,,,,,,,,,,,,,,44,2,,1,1
2020-01-24 20:07:02,2020-01-24 20:07:42,0,68.59.23.65,52,40,0,2020-01-31 20:07:51,R_bPYcUA6cql1h3wJ,,,,,,,anonymous,EN,"4,5,6,7,8,9",,,,,James,,,,,,,,,,,,,,,,,,,,,,,,,,,,,,,,,,,,,,,,,,,,,,,,,,,,,,,,,,,,,,,,,,,,,,,,3,1
2020-01-24 20:09:52,2020-01-24 20:12:43,0,63.155.5.223,39,171,0,2020-01-31 20:13:03,R_2cuXyfrmoUKYsZh,,,,,,,anonymous,EN,"4,5,6,7,8,9",,Benjamin,,,,,,,,,,,,,,,,,1,1,1,2,0,0,49.697,0,,,6,6,1,,,,,,,,,,,,,,,,,,,,,,,,,,,,,,,,,,,,,,,,,,,,,,2,2
2020-01-24 20:03:05,2020-01-24 20:13:48,0,24.180.81.198,29,642,0,2020-01-31 20:13:57,R_1DuSQIHxIapOLuo,,,,,,,anonymous,EN,"4,5,6,7,8,9",,,Ava,,,,,,,,,,,,,,,,,,,,,,,,,,,,,,,,,,,,,,,,,,,,,,,,,,,,,,,,,,,,,,,,,,,,,,,,,,2,2
2020-01-24 20:21:37,2020-01-24 20:23:18,0,23.105.170.134,52,101,0,2020-01-31 20:23:21,R_xyIu4fHO34cNerD,,,,,,,anonymous,EN,"4,5,6,7,8,9",,Benjamin,,,,,,,,,,,,,,,,,,,,,,,,,,,,,,,,,,,,,,,,,,,,,,,,,,,,,,,,,,,,,,,,,,,,,,,,,,,3,2
2020-01-24 20:15:05,2020-01-24 20:30:57,0,49.207.139.80,99,952,0,2020-01-31 20:31:44,R_3nVruIzIUyFIBl8,,,,,,,anonymous,EN,"4,5,6,7,8,9",,,,,james,,,,,,,,,,,,,,,,,,,,,,,,,,,,,,,,,,,2,1,1,1,0,0,137.642,0,,,7,7,1,2,1,1,2,3.802,87.559,196.978,24,,,7,7,1,7,7,7,7,,,,,27,2,,3,2
2020-01-24 20:27:05,2020-01-24 20:33:18,0,117.213.33.88,88,372,0,2020-01-31 20:33:52,R_wYHSIkLhzrt9n6F,,,,,,,anonymous,EN,"4,5,6,7,8,9",,Benjamin,,,,,,,,,,,,,,,,,,,,,,,,,,,,,,,,,,,,,,1,1,1,2,,,,,,,,,,1,1,1,2,0,0,136.198,0,,,6,6,1,,,,,,,,,,,,4,2
2020-01-24 20:33:23,2020-01-24 20:34:22,0,117.213.33.88,78,59,0,2020-01-31 20:34:22,R_YY4BOnZeHziToxX,,,,,,,anonymous,EN,"4,5,6,7,8,9",,,,,James,,,,,,,,,,,,,,,,,,,,,,,,,,,,,,,,,,,,,,,,,,,,,,,,1,1,1,2,,,,,,,,,,,,,,,,,,,,,4,1
2020-01-24 21:06:56,2020-01-24 21:23:39,0,201.37.85.150,99,1003,0,2020-01-31 21:24:13,R_2tlEESqcivXjHNe,,,,,,,anonymous,EN,"4,5,6,7,8,9",,,,,day,,,,,,,,,,,,,,,,,,,,,,,,,,,,,,,,,,,1,1,1,2,665.634,665.634,711.414,1,,,5,3,2,1,1,1,2,0,0,89.602,0,,,5,2,"1,2",,,,,3,6,5,3,32,1,,4,2
2020-01-24 18:31:41,2020-01-24 22:10:08,0,73.17.91.60,57,13107,0,2020-01-31 22:10:28,R_2fk7QG6qDuKzL59,,,,,,,anonymous,EN,"4,5,6,7,8,9",,,Ava,,,,,,,,,,,,,,,,,,,,,,,,,,,,,,,,,,,,,2,2,2,2,0,0,44.859,0,,,,,,,,,,,,,,,,,,,,,,,,,,,,,,3,1
2020-01-24 21:15:53,2020-01-24 22:38:29,0,122.174.247.12,1,4956,0,2020-01-31 22:39:02,R_3k1IwGShzMIbTzf,,,,,,,anonymous,EN,,,,,,,,,,,,,,,,,,,,,,,,,,,,,,,,,,,,,,,,,,,,,,,,,,,,,,,,,,,,,,,,,,,,,,,,,,,,,,,
2020-01-24 23:23:45,2020-01-24 23:26:44,0,70.44.94.194,5,178,0,2020-01-31 23:26:48,R_125uXZNeQ6TyRzU,,,,,,,anonymous,EN,"4,5,6,7,8,9",,Benjamin,,,,,,,,,,,,,,,,,,,,,,,,,,,,,,,,,,,,,,,,,,,,,,,,,,,,,,,,,,,,,,,,,,,,,,,,,,,,
2020-01-24 19:39:51,2020-01-24 23:35:25,0,117.217.212.10,55,14133,0,2020-01-31 23:35:27,R_Wik9lLVzjchVvbP,,,,,,,anonymous,EN,"4,5,6,7,8,9",,,,Noah,,,,,,,,,,,,,,,,,,,,,,,,,,,,,,,,,,,,1,1,1,2,,,,,,,,,,,,,,,,,,,,,,,,,,,,,,,,,,3,1
2020-01-24 20:20:31,2020-01-24 23:54:41,0,68.179.240.85,29,12850,0,2020-01-31 23:54:45,R_7WmDHAV2qhokCLD,,,,,,,anonymous,EN,"4,5,6,7,8,9",,,,Noah,,,,,,,,,,,,,,,,,,,,,,,,,,,,,,,,,,,,,,,,,,,,,,,,,,,,,,,,,,,,,,,,,,,,,,,,,2,2
2020-01-24 23:30:19,2020-01-24 23:57:33,0,191.255.154.200,57,1634,0,2020-01-31 23:57:55,R_1LA3fVuTj6SiVOo,,,,,,,anonymous,EN,"4,5,6,7,8,9",Emma,,,,,,,,,,,,,,,,,,,,,,,,,,,,,,,,,,,,,,,1,1,1,2,0,0,1220.483,0,,,,,,,,,,,,,,,,,,,,,,,,,,,,,,3,1
2020-01-25 00:24:24,2020-01-25 00:34:44,0,157.51.254.145,78,620,0,2020-02-01 00:34:47,R_3KMJvKfJP7nkydn,,,,,,,anonymous,EN,"4,5,6,7,8,9",Emma,,,,,,,,,,,,,,,,,,,,,,,,,,,,,,,,,,,,,,,,,,,,,,,,,,,,1,1,1,2,,,,,,,,,,,,,,,,,,,,,4,2
2020-01-25 00:51:16,2020-01-25 00:55:09,0,68.81.229.188,57,232,0,2020-02-01 00:55:11,R_3pnbFLbsmNgN0Wh,,,,,,,anonymous,EN,"4,5,6,7,8,9",Emma,,,,,,,,,,,,,,,,,,,,,,,,,,,,,,,,,,,,,,,1,1,1,2,20.687,45.551,62.661,3,,,,,,,,,,,,,,,,,,,,,,,,,,,,,,3,1
2020-01-24 18:39:01,2020-01-25 01:23:50,0,27.57.29.110,29,24288,0,2020-02-01 01:23:56,R_Q0xvSWuEbcdxEjv,,,,,,,anonymous,EN,"4,5,6,7,8,9",,Benjamin,,,,,,,,,,,,,,,,,,,,,,,,,,,,,,,,,,,,,,,,,,,,,,,,,,,,,,,,,,,,,,,,,,,,,,,,,,,2,2
2020-01-25 02:36:22,2020-01-25 02:40:22,0,74.109.219.196,32,240,0,2020-02-01 02:40:41,R_2scDKL3piEoMtrf,,,,,,,anonymous,EN,"4,5,6,7,8,9",Emma,,,,,,,,,,,,,,,,,,1,1,1,2,,,,,,,,,,,,,,,,,,,,,,,,,,,,,,,,,,,,,,,,,,,,,,,,,,,,,,,2,2
2020-01-25 03:00:42,2020-01-25 03:02:01,0,69.244.2.217,75,79,0,2020-02-01 03:02:02,R_3Iy2a0OiKcwGlGN,,,,,,,anonymous,EN,"4,5,6,7,8,9",Emma,,,,,,,,,,,,,,,,,,,,,,,,,,,,,,,,,,,,,,,,,,,,,,,,,,,,,,,,,,,,,,,,,,,,,,,,,,,,4,1
2020-01-25 05:29:08,2020-01-25 05:29:41,0,65.49.126.180,2,32,0,2020-02-01 05:30:14,R_31uBKKWBqAen5Fh,,,,,,,anonymous,EN,"4,5,6,7,8,9",,,,,,,,,,,,,,,,,,,,,,,,,,,,,,,,,,,,,,,,,,,,,,,,,,,,,,,,,,,,,,,,,,,,,,,,,,,,,,
2020-01-25 03:46:41,2020-01-26 00:03:38,0,180.190.114.177,55,73017,0,2020-02-01 16:20:09,R_21c5h8RtWQDDfeg,,,,,,,anonymous,EN,"4,5,6,7,8,9",,Benjamin,,,,,,,,,,,,,,,,,,,,,,,,,,,,,,,,,,,,,,1,1,1,2,,,,,,,,,,,,,,,,,,,,,,,,,,,,,,,,,,3,2
